-5089,-5122
-2269,217
-832,9827
-5460,-6719
-2294,8499
-9039,7215
-5374,3807
-7073,5608
-7189,5339
-7799,-5219
-6443,-9990
-1849,733
898,6485
-1594,9226
-4851,-4918
884,2153
-9297,-255
-5690,-5581
-1073,-5334
-1312,7977
-4211,4514
-976,-9564
220,-8747
-4361,8010
-3430,-3427
813,-3427
-9963,7208
-8472,2413
-2565,5400
-2119,8174
-1154,-189
-6021,6372
498,-8005
-6696,-5830
644,-2424
-4958,-1965
-5446,-975
-9045,2679
-183,-4934
522,-8049
-3674,2344
-2309,-4468
-7211,5823
-2367,3618
-8745,3468
-8678,-7310
-1204,-5185
-6385,4260
-3923,911
-5378,-5037
-2764,-6750
-2961,-6749
-9982,-9404
-57,9390
221,-9100
-7836,8955
-4652,-7617
-5058,-112
-2927,2436
-2882,9950
-2726,3958
-9466,-8197
-6069,-736
-3843,-8434
531,4898
-6571,5890
-7511,-326
-4894,-6531
-2996,-4770
-3703,1515
-1884,2470
-766,-6189
56,-6202
-1676,5451
-7515,-4199
212,2983
-5529,8857
-7255,7021
-9601,-4213
-745,-6876
-5030,-5032
-9913,-7253
-2879,757
-4097,1926
-1030,-4444
-5165,8114
-21,6099
-953,-2598
-2594,-8541
-6081,4834
-8451,7811
-8314,3265
-1477,858
-5328,-1908
-3875,-5212
548,-2452
-2253,-5484
-8959,7057
-4705,1079
-3869,5953
-2983,3769
-6630,8713
380,6625
-3200,6004
-8863,-6313
-9627,-2599
-1666,9382
-6271,2542
-2662,4477
-7363,1051
-3273,-4369
-3946,5770
-8651,-6310
-9266,6874
-4033,9317
-271,7122
-8060,7202
-6662,-9134
45,4723
-2936,3590
510,-5720
-3984,-9292
-7086,-1369
-8432,1620
-1865,-4827
-4892,9823
-1133,-4560
-7191,-4736
-5670,7343
-7660,-9208
-6603,-7967
-538,-8546
-8439,226
-1609,-1582
-8295,4524
-7237,2482
88,5498
-1171,-970
-5841,-8728
-1761,-7850
-1273,5846
-3893,-8004
-3164,-3477
-111,1652
-9609,2039
-2234,3616
-3218,3440
-459,-5529
-2543,-8386
-9323,1197
-8828,9010
-9754,7838
-9044,-1807
-9464,7972
-5400,1422
-1357,-1479
-9842,-2187
-9083,-4682
-6018,8837
-853,-7543
-7801,-6059
-9881,-4635
460,-9065
-4422,-2733
515,-5415
-2569,6471
-6958,-9592
-9460,8718
-8258,9263
-3283,-3966
-5207,7454
-6625,1792
-5625,-9210
-8034,-9743
-6266,-1760
-9013,4
-8529,-595
-6139,2749
-1107,9304
-6774,8358
-4071,-5928
-5389,-989
671,-6350
-9830,-668
-8631,1787
168,6036
-6937,6362
-5785,7503
-5033,-2516
-9639,8688
-4842,2497
-9276,6471
-4901,3748
-6942,4106
-2788,-5511
-4095,-8989
-7920,2206
-4109,-4377
-9808,-1516
-4421,-4058
-30,-7657
-5611,-4738
-1436,9544
-6384,-6358
-2014,844
-4644,-6760
-9636,2253
-5998,-968
-9298,-2818
-9780,5745
-4163,3996
-1783,7309
-5133,5488
-2403,6645
-1664,-1583
-4253,-8777
-531,3847
-6792,-8189
-5042,7082
-3322,2486
-813,-7863
-9591,-8179
-2918,-5786
369,-1093
-5643,-9186
-5307,7285
-1036,-3001
-9064,-1365
-6201,2066
-7301,8017
-6589,5487
-5161,2524
-9266,-1712
-8579,7912
-7361,-8314
-2764,-5643
-9753,-4537
-579,-6253
-7498,-6094
-7442,9682
212,-1943
-4710,284
-1363,4732
-2454,-770
-7344,-3897
210,2337
-9676,913
-902,-7945
-9304,4021
-9265,2961
173,-5218
-3970,1742
-2903,5804
-1972,-3539
-6957,-3021
-891,-7869
-8961,-2270
-5521,-1560
-5475,-1311
-2590,-8404
-6798,2259
-9930,-7769
-6478,9819
-3815,974
-8313,4859
-7564,2
-605,2136
-1664,-5630
55,4313
-7582,4800
-3842,2799
-9135,-6991
-6255,9998
-9312,-6082
-6777,5464
812,5912
-880,1851
-6109,8136
-1442,-7215
-3593,-2715
-5903,-5466
-8226,4638
13,-5545
-2153,-873
-1509,3637
-9605,6256
-5815,-1528
-1650,7521
-5362,4944
-5359,5250
-7866,8583
-8339,4934
-2650,1827
-4339,-2424
-4003,-4073
-6664,-610
-2704,249
-3638,-4502
-9768,222
-5673,112
-4239,3170
-685,-8383
-3654,5028
-4575,8469
-9236,1965
-8547,-3240
-2880,6033
-696,-1669
-9702,-1874
-4216,3307
-4516,-303
-2679,-6529
-2872,-8263
-7876,-6390
-9538,-2829
-205,6225
-4914,-7548
-6802,-4873
-2845,4165
-123,9203
-3883,3816
-4294,-3133
-6688,9241
-3567,-8326
-7154,3616
-328,-9739
-8402,675
-4563,1099
-9625,1033
-9399,-446
-9531,-3079
-3217,-8385
-4130,-8192
-5976,7317
-2334,3505
-3874,9471
-4659,3238
-4317,616
-1597,-5755
-2507,1095
-6162,-6625
-2696,8649
-3761,4914
-2311,9734
-3225,-3059
-2133,2358
-1752,-9164
-5640,-4
-7675,6649
-5924,3840
-8742,9578
-1375,-6693
-2342,2347
827,2027
-4789,1464
-1808,2727
-3688,3340
-4530,2220
275,1440
-4464,2517
-8620,-9781
-4306,-7479
-8013,6471
-4663,3726
-6298,-6508
-1232,8604
-97,-2442
-6871,9837
-1027,6490
-5929,5264
-3738,4150
-8667,5916
-642,1038
-7732,-1918
-3058,-7150
-8273,3771
-7236,9796
-4096,-7808
-534,8888
-7866,8505
-3394,3285
-8546,5741
-1258,6968
-149,7992
-4475,-9129
-7156,-9093
-7658,-7389
-4192,-4180
-1724,6022
-1240,-9138
-1012,-1236
569,3676
-3687,-2977
972,-8641
-7463,1482
-9116,9184
-4624,3743
-6452,7766
-3575,3188
-9870,-4224
-2356,-2009
-4628,3055
-2279,-1949
-5371,1531
-7640,-6789
-1828,-9802
-4262,-5518
-3014,-8515
-4137,-7299
-4650,1066
-3715,6401
-1810,-3257
-5151,4406
-1252,-5795
-2522,3053
-9085,8170
-1593,-3090
-2868,2353
-246,6777
-3191,4523
724,2414
-2155,-4740
-213,9929
-6873,609
-2709,-3259
-9255,-3580
-7976,9889
-815,-110
-8755,6239
-2965,1124
-6040,4489
424,-7719
-5774,-4785
-7648,8901
-1906,4843
-4240,-62
-2988,8870
-2505,-91
-6437,-7277
-3005,-3284
-3671,4249
-4701,-3373
-4312,-5618
424,-283
-1328,8414
77,-8048
-7686,7531
440,8305
-1904,7278
140,271
-1417,5884
-8164,-7357
-146,-3675
-9490,3125
-8610,4373
-7494,3234
989,-4003
-6522,7385
-9416,-7988
-5105,6277
-243,1526
-7842,2852
-5885,-617
-3412,567
-8394,-2895
-4516,-6126
-3838,-3440
-3780,2611
-3460,-6993
214,879
-6400,6004
-4303,-6488
-3030,7222
-2425,-6853
-7700,4863
-6541,-2731
-8639,8812
-350,-8730
988,1681
-3373,-6579
-3104,2873
-2293,2675
-8948,-5621
-3935,-459
-4246,-4439
-2485,-5768
-7499,4498
355,-3263
-7731,-3801
-5542,-2724
985,4747
-8248,4058
-2345,2979
-7531,7960
-9262,1917
-8466,890
-2975,-5683
-2273,662
-4536,1233
-79,-499
-2419,-2378
-9775,756
-4662,-8171
-5731,-2319
-1526,-5195
-6261,-2654
-9287,-9324
-9832,5334
-68,3744
-110,-2145
-646,-5761
-1285,-4385
-4058,2606
-9814,-3745
-4094,7559
488,-9057
-9551,-6213
-6997,-5241
-3079,2911
-7806,8572
-6148,-4796
-5210,1167
-8710,2206
-4335,-945
-8276,-7258
311,639
-5737,-8293
-7451,2625
-6382,-7741
746,-2766
-7650,-2385
-7544,8015
-1886,4444
-8617,-5387
-9504,-7818
-5913,71
-6408,9463
-585,-2040
-6570,-7635
-1953,9064
874,5626
-6946,7451
-4284,-8299
-2359,-7707
-9974,-9043
-8879,-1806
880,5390
-5896,9730
-6717,-5764
-4585,4289
-8078,5052
943,9909
-8927,5298
-8758,-688
-9621,-27
-9803,8486
459,-5889
-1043,-6344
-5873,8881
234,-9201
930,-9549
-8892,-476
445,-6488
-7967,-2629
-5127,-4960
-2951,7409
-9501,9847
-3282,8874
-2356,-1733
-9341,-1075
-2332,-3862
-7385,3084
-3509,-5606
-3706,9626
-5468,-9389
-2027,9921
-5962,5495
-3992,-9332
-6097,9953
-9807,-2369
496,4331
-4873,1031
-6705,-8087
-5087,-8373
-2571,2099
-5235,5793
-1211,2977
-6990,5854
-2659,110
-50,293
-8643,8991
-9579,-255
-311,-7203
-3265,5038
-9580,9629
-8548,2225
-3549,2657
358,7367
-8661,-9896
-7637,4859
-1712,-992
-9482,-7471
179,844
265,8192
-4290,-7520
-5775,-6467
-6681,-8423
278,-3086
-8224,842
-1554,8141
-3145,-9855
-8427,7828
-4513,-2552
-4518,1591
497,-6457
-543,2174
-8488,9894
-8888,769
-5944,2512
-3071,3927
-4966,-1356
-7581,-795
-8785,-9275
-5531,5112
-2562,-7583
-8024,-9810
-1908,5135
-784,-2097
-2697,-8671
-7465,-7847
-2481,9817
-2034,3609
-9622,4648
281,-5579
-7126,1266
-8867,-2779
-1100,1773
-4424,6211
-3752,-3097
-595,3672
-248,-9273
963,4629
-1817,6348
-8663,4835
-7544,2195
-1039,-1038
-128,6292
-9754,5390
-3679,-9525
587,-6352
-5620,-8652
-727,-9359
-6983,4783
-8404,2777
-3098,-1948
-4117,6645
-6214,-3552
74,7494
-7683,-7619
-850,-6026
670,6015
-3308,7718
-5608,4603
-2706,-7421
-8678,-8750
-3901,-5064
-526,7867
826,8028
-1331,-3233
-8957,7467
-8947,-6274
-4438,-9997
-113,2831
-8544,4581
-7456,-4796
-7296,-4725
-9339,2348
-7205,-5063
323,-2670
-2719,-7108
-2271,6658
-4163,-8241
-7152,6220
-8725,6604
-1517,3969
-4400,31
-2079,698
-7034,7414
-5435,-7303
-6125,4725
-794,6183
-8835,-3161
-3056,4348
-7332,-5586
-9426,8796
-7940,6107
-8527,-6689
469,-5831
-2342,-9847
-8528,-3420
-8960,-3944
-5351,6359
-4793,-2883
-3876,-2077
-8867,2657
-5515,2907
-2110,-3896
-3184,-3124
-5885,-1229
-6263,-9141
11,3583
-8542,3718
-3329,235
-7329,-9252
-2076,8408
-5946,4584
-5968,8009
-4160,-5768
-527,3529
319,-1571
-8394,7211
-2884,283
-2096,2125
-1594,-416
-4420,-4106
-48,7666
-3080,4446
-8121,-1248
543,4461
-5618,2298
131,-3653
-1783,-6339
-2922,-6345
-6629,-346
-2931,2339
-2756,904
-2006,4796
-2166,-9607
-7420,-456
-6126,7430
-9379,7656
-573,1863
-5096,5373
-2360,-5106
-9916,-2681
-8216,-2216
-9910,-6536
-1844,-5626
-8017,-8953
-3732,2085
-2114,1552
-2034,-9367
-4626,-1832
-7388,-6759
-6670,-1393
-3992,-8061
-8709,-626
-4953,-6800
-6049,-544
-4968,370
-2421,-3619
224,-5286
-1643,-1423
-6205,5191
-5705,-4036
-160,-4328
-4584,7890
-6871,7555
-7915,386
-3666,8254
-4297,-4556
-4643,1018
-8543,-4916
-4128,5807
-7759,11
-1892,2898
-7136,820
-8599,3780
-2736,908
-2414,-8732
-8583,-9093
-1749,-8731
183,7599
-8622,-550
-8436,671
-9044,2413
374,2381
-2747,-9937
316,-7195
-4430,-6807
-3942,5698
-4625,338
559,-432
-8848,-9479
799,7084
-738,3458
-9494,-8729
-8615,5390
-120,-3127
476,-3662
-689,-6157
-5750,6314
-4046,-5731
-4318,6086
-4880,4381
-9063,2978
-1737,2537
-3491,-3948
-3613,-9676
-4582,6655
-7082,2132
-9005,-8060
-2451,-7579
-994,8888
-4011,-5562
-516,5904
-9383,-8352
347,-3656
-4783,5127
-5502,1028
-8392,-3815
-6263,5086
-4246,8036
-1965,-8258
-9168,2180
-2823,-5096
-4870,-4534
-4660,3854
-9753,4888
-3850,6342
-3756,5512
-3371,-2569
-9641,-4211
-19,8445
894,9873
-7751,-9204
-8751,-7491
166,-7744
-6447,-6025
-3628,-9485
-8356,3686
-5022,7144
974,8273
-5115,-795
-2756,-347
404,-6594
-3672,9813
-1949,-2421
-4267,-1764
-7237,5147
-4994,-3650
-3782,9026
-4185,-3828
-8660,-6802
759,-3034
-795,2839
-5863,-3717
-751,4981
-2115,5772
-5741,-9364
-136,-2225
-2874,-4446
-5587,-944
-6869,1969
-8594,-3919
568,5271
-3109,-4847
921,8330
-2163,8299
-4130,-3702
-5760,245
-7655,-8209
-8173,-8567
-7262,-4351
-4915,7233
-3495,3367
-6322,-2597
-1585,3159
-6649,-8676
-15,-8565
-7737,-6447
-7151,-5931
-1413,-7408
-6541,1673
-5600,1533
-4294,3961
664,1353
-100,6718
-1673,-6892
-5967,-2479
-1038,-2669
-5309,-2758
-197,-2035
-5662,-6624
-5118,5759
-5289,319
-621,-8608
-5485,-7624
-5152,-5986
251,418
-4372,-2041
-7702,3166
220,-3292
-581,1608
-6247,-1569
-5735,9993
-3930,2438
-5058,7050
-2790,8904
140,-6237
-445,-5892
-117,369
-7688,5153
-320,-8250
-4184,3103
-6650,-3847
-7900,7756
851,-6177
-9746,1003
-6014,-1774
-8435,-7121
8,-1491
-9554,-8098
-8875,3066
-1175,-9808
-4303,1890
-6876,9079
-6935,-5084
-2808,-5480
-5067,8481
-3210,4247
-3161,-8237
261,8785
-159,-6658
-2932,-1918
-2597,-2401
-7786,-24
-8167,321
-5633,-6561
-7107,8238
-8719,-4502
-9154,-9790
795,-1517
-244,1371
-6865,7082
-8826,-5331
-7225,-2774
-3022,-5357
-7893,8921
-2031,9952
-7655,-6066
-3540,-9133
-887,-5396
-3881,1736
-7524,-2963
-7143,-885
-1175,7258
-579,8807
-3301,-7338
-3040,-3299
-6469,-5253
-7921,6288
-4347,-1380
-8028,-4611
-3671,1897
-3324,4936
-8151,2929
-5679,-3406
-7126,3522
-6065,-9433
-3175,-3380
-1123,-3885
-4837,-7485
-645,-2955
-6432,3107
-1246,-8789
-5379,-7954
-6029,4525
-5219,4593
-9168,-9482
516,485
-2951,7260
-8832,5360
-9747,-6207
-2244,-1332
-8890,3842
706,9408
-9458,4844
-836,5130
-9997,5807
-7649,-5634
-3451,-1973
-5492,-5624
-6976,7079
396,9581
-2133,-2048
-7432,-5872
-8205,-6530
-9742,9040
-1996,-5757
-9148,4846
-4682,5180
-1789,-5203
-8112,8634
-9785,-3822
-9989,1338
-1094,7147
-1179,7360
-2670,-5652
-6023,3555
-8099,-1068
-5792,-3583
-9072,2030
-1506,7283
-5148,9491
-7373,8636
-6931,2093
-468,-2565
-7064,-9
-9523,6591
-1983,-7520
-9834,-5734
-353,-7058
-6113,-3666
-9612,-9089
-1279,7973
-9380,4874
-5517,-4035
-9079,-3772
-8474,9855
-4856,-3905
-8923,-2576
-8907,-1235
612,6881
-9290,-3902
-5277,-767
-6018,-2217
-5505,-717
-520,-5685
-3561,7258
-8666,-7068
-2834,2800
-4219,-1805
-6287,-7722
-8985,5526
-7682,-2970
-2484,7638
-33,8324
-9987,4721
-3278,-4749
-1240,-4430
-3490,-3900
-8415,-8740
-4052,-3640
-1637,-6938
-2521,-5721
-6349,-2688
-1502,5514
-2148,-2285
-2763,-7886
-7387,-8825
-2261,5515
-4173,-9826
-2740,-7013
-876,4413
-4463,-9259
258,7275
-239,-118
-2137,-7694
-9985,-8193
-7621,4163
-2738,2009
-1328,3446
-2102,-7915
-7426,-6162
-8148,-6540
-8296,-101
-3062,7795
-2663,-999
-400,-6023
-916,-6410
-3425,6858
-2640,-1551
-96,-39
-4492,-2882
-4762,4378
-9572,-2522
-267,7125
952,5867
-3758,6646
-7011,585
-2303,7777
-9613,5015
-5563,-2270
-9445,-2707
-7712,-3549
-6102,1440
-8633,-7177
-8082,-2071
-1368,9620
-4725,-5597
-6997,-1474
-5021,8883
-9014,-4419
-5056,6754
-5450,6320
-7289,-3578
-3888,2363
-6725,4767
-5615,-2276
-885,9789
-5649,-6340
-1327,-3650
-5652,-8063
-3016,725
-9276,-3681
-8991,9094
-8717,4590
-9462,8334
-9192,6455
-7692,-4192
-222,-7767
-2945,2634
-5994,-2488
-6948,-2058
-3406,-7067
-8057,-4852
-311,8104
-9569,9813
-348,-4855
-9309,-7878
-4351,-7873
-3334,-1973
-5686,592
-4809,8187
996,9511
-2224,4585
-942,2851
-55,-9638
-4330,2028
-1742,-1407
-1508,8800
513,5824
595,1100
-2603,-7000
-7039,-6602
-8727,5821
-830,-4809
-2215,4565
396,-6202
-4259,-7905
-695,3983
-9121,-8288
-2070,8099
-5071,3544
-2075,5289
8,611
-4485,-718
-9857,-2340
-6527,1642
-6590,2428
864,3434
-9584,-7456
-5341,6091
-3205,5064
-139,9173
-3024,9692
628,2037
-6475,809
-8330,2285
-8404,6761
-4346,9573
-245,-2111
763,-7009
-8900,-9340
-658,7208
-8664,9236
-379,-3989
-7205,-4600
-3455,9695
-6140,3465
-1952,-7679
-4644,-969
-8248,-4804
-4264,5641
609,3076
-4532,-1838
-330,4323
-3610,-7554
-2904,-917
-3667,-9701
-1810,9386
-8932,-6091
-1108,6619
-4354,-4294
-537,8248
-9833,-5924
-3957,4717
-3051,2100
-1415,41
-2958,2564
-7039,9422
-9881,-3659
-1033,-2969
-130,1791
-1915,-1639
-1292,1895
-9539,6034
-3871,-926
657,3230
-1635,-1736
-1695,5497
-8831,-9404
-2064,-3041
-4856,-6376
-6108,4990
-1936,4669
-4184,3629
-7240,-520
-4984,-2986
-3705,3431
-4184,-466
-762,1867
-5608,9094
-9092,-6720
-4440,3706
-9403,-1944
324,1926
-5514,7110
-5259,5369
423,2821
-2732,5537
789,1465
-8533,5094
-3413,-8611
-2270,8499
-7844,-8805
-4461,7982
816,-1589
-7869,809
-3255,9203
-2147,-2351
-7647,2732
-8684,-6140
-167,1541
-3932,-7968
-6192,4929
-9482,-1322
-5546,-3397
-5153,-4387
-9524,1450
-5517,-3390
-9605,-2113
-1525,-9379
-3547,-9173
-2887,3712
-4893,1886
-8701,1448
-2028,-3478
-6380,-9034
-4273,-7034
-4021,6295
-50,7438
-6283,2143
-9817,7496
-7474,7029
615,7809
-7609,-6392
-3083,6102
-828,5983
-5079,9327
-8298,-2739
-1193,6949
-5376,8707
-4292,7236
-6688,6560
-1140,1388
-7108,-6652
-8883,2449
-9419,-7038
-421,-9725
-3235,-1165
-3455,1896
-4143,-9273
577,-1916
-1397,3095
-7808,2427
-7690,4598
-6583,2349
-2210,4806
-1204,-3552
932,-2618
-2045,-9572
-5204,8041
-6631,4687
-421,8802
783,-7951
-4216,-3781
-9571,3361
-1475,-7962
73,-8018
-6718,1930
-5610,-9645
-9682,2303
-3924,-8006
-2581,-5036
-5032,7361
-5315,8877
-5703,7065
-2497,4715
-6194,4682
-7317,3364
-9281,6741
-6101,8881
-5562,-7310
840,-570
-8206,7960
-4930,-8164
-5568,-1253
-3878,-8790
-1315,-3441
-3431,-5325
229,-4150
-8289,-2888
-6079,-1240
-671,-4082
-5063,-6840
-6233,-8278
-3490,3636
-6599,3257
-6982,8830
-9875,3277
-953,2597
-5174,2353
176,119
-8851,-9891
-2992,-8432
-7931,6341
-2003,8257
-523,-21
-4943,-4948
-7235,-9098
-2587,-6836
229,-2982
-2151,6801
-4328,-1098
-6740,-2808
-4191,5981
-8475,-3206
-5620,-692
-4212,6699
-3573,-197
-7008,-5438
-2325,5583
-5650,-6711
-7701,-7797
-1238,-4534
-5143,-762
-2042,-1895
-8455,-3720
-1284,-5487
-6502,-8882
-1783,6326
-8369,3901
-2192,2778
479,-6701
-7617,-5445
-4359,-1016
-4238,6697
-985,-4492
-9133,4325
-3370,9627
-1645,7429
-7416,5155
-2704,-6219
-1658,1926
-7246,4023
-1667,-4029
211,-8693
-9117,4046
451,-2551
-9594,-2904
885,9899
-4022,-471
-3414,-7384
-8451,-7463
-7440,-6053
-1231,-2561
-9634,6850
-5531,-2063
-5785,899
-9528,4426
-4536,9160
-4061,5081
792,5803
-4310,-842
-4181,3885
-953,-9969
-4901,-353
-3126,8321
-4765,7460
-1815,5603
-7575,8046
-4896,-8805
-3400,1413
-7506,5748
-9537,3462
836,3335
-2414,1384
-3391,-8010
-7502,-4550
-8385,2968
-7908,8231
-3852,7534
-9645,5788
-858,4724
-2102,256
207,-5804
-9758,6626
720,-3756
-7052,2065
-5123,5519
597,-7868
-8035,-4287
243,26
-8916,6396
-5953,7067
-7282,3832
-1631,-642
-1022,-2233
-9454,2244
-5711,-8121
-5813,-8127
-9902,8848
-5704,-4869
-2932,205
-7696,8042
-6481,8967
-6693,-1152
-4697,5757
-9904,-4830
-6090,-1776
-614,-4332
-820,-6853
655,-3404
-1298,3424
-323,-6212
448,-1763
65,1930
-4208,8701
-4715,-2947
-5711,-1814
-9699,86
-7096,-735
-2001,-6146
303,-2658
-3747,3238
-7492,2262
-1016,-1880
-923,1188
-7414,-7059
-3558,-5861
-1553,6376
-7082,1978
-5847,1216
-2597,5149
-9321,7884
426,-8944
-8798,9078
-5172,3838
-4100,-2495
-7136,2120
-6275,-6553
-6086,5330
-2477,6491
-6517,4087
93,-8114
843,7836
-5236,8845
-8680,-1630
-7753,9543
-6255,-4843
-3727,1292
-5469,7522
377,5584
-4873,-7707
14,-1873
-6521,1600
-7651,1579
-13,-2329
-8520,753
-1787,-3528
-1003,-9478
-3051,9865
-768,2253
-9767,8250
-7546,4386
-3324,8073
-8177,-8767
-2463,8196
-6009,-9784
-123,-360
-9687,-9813
-9113,1128
-288,5430
-4515,1466
-5836,2926
-2660,-6644
941,-9130
763,-700
-2432,2350
-667,-1499
-3509,501
-5471,9404
-6227,-1009
-1448,2650
-4825,-4159
-7702,-8995
-1526,7449
381,5031
-4028,-8789
-7421,-7377
-3718,-9290
662,-7722
-8629,-2522
-5221,338
-9010,754
-7743,3655
-1831,5861
-6572,-5676
-8648,5210
-7726,-727
-9378,1568
-7814,-2954
-5557,-1539
-7492,3774
-6046,-9169
-7504,-2198
-5618,-7571
-8353,-2598
-8911,-403
-4464,-2921
544,8319
-9928,-4156
173,-2507
-8431,19
-1238,6854
-4051,8244
-1496,328
-4656,3559
-9094,-3109
-3352,-6894
-9015,4581
-1166,-7857
-348,3352
-1039,221
-253,3279
-8091,8119
-5199,6135
-5466,-5887
-8269,-9877
-84,6014
-6495,-9897
-7139,4479
-7488,-5410
-5454,-4426
-958,1495
-8234,-7480
-9709,-5294
-8845,-4255
-3296,8729
387,4098
-3914,-6543
-4976,6293
-1620,-6560
-5272,193
-7721,1064
-7255,7801
-912,2769
-8763,-1714
-9421,-5147
-1622,-4507
-4393,-9067
-9151,-2428
-1051,-4679
-4832,7205
-4169,-2603
-8122,3533
806,-4873
-221,-10
-5792,3164
-9230,936
-1332,-1262
-1860,-5209
-8949,-1128
-2895,-3066
-7339,-6558
-1211,1145
-8875,-4487
-2587,-8600
-9054,5919
-3179,-7617
-2389,1968
-3264,3618
-1737,9924
-6477,3262
-6010,6961
-5682,-2789
-3225,-5139
-384,-5586
-8690,6513
518,-4438
-3279,-679
-6129,7190
-8488,7431
-8545,6586
-3160,-2424
-9322,1043
-4078,-4882
-6851,-7546
-2276,6269
-9716,-3311
-7973,-4703
-1029,6749
-8573,7420
-4173,7696
-4706,-4930
-2585,1150
-4907,-4500
-5235,4416
-9819,2403
-3533,4317
-4120,8279
-5953,-4924
-6113,3412
-7568,-836
-5662,5029
-2558,-1197
-8644,8786
-4190,4402
-4635,36
-2905,1938
-6899,7588
-8143,-1721
-2926,4642
-271,-1254
-3497,1682
-9509,7541
-8671,-9168
-6556,-808
-3826,9796
-467,3112
-2636,512
-9335,2727
-2652,935
-5735,-2017
-7407,-4120
-8559,2167
-9191,-217
-3737,6184
-2609,6429
-6777,2857
-5007,-3594
-402,9671
-7299,-4584
-4135,-9519
-7005,4707
-3895,-5873
-233,-6668
-3475,3506
-7537,6723
-7836,-5530
-9661,-6739
-5618,8741
-1499,-3188
-3755,-5915
-9466,-5919
-4547,3729
-8847,6804
-6259,4438
-263,-7981
634,-2381
-3309,-5098
-1625,5684
-7689,483
-510,3352
-4487,-6580
-9539,-7379
-4818,1302
-4840,4670
-1963,-4971
-8792,7683
-6981,-4781
-2970,2806
-2565,-7216
-3546,4134
-7696,-5308
-2534,6372
-6984,8063
883,2875
-6408,-6479
-3348,-1603
-7090,-6299
339,-3240
-3153,6472
-7780,-5497
-1451,-7672
-2741,-540
-821,-4361
-8714,-2372
-191,-5905
-8539,-6533
-1809,-1489
-2537,7302
-5520,-8380
482,5096
-1059,-5917
254,-7452
-9462,8178
-3201,-4663
-1319,4486
-9650,7524
-4567,-7481
-645,-8082
-5670,-3504
-1480,-9466
-3536,-1901
-2476,2746
-4390,-8935
-797,8031
-7322,-3609
-1857,7040
195,6556
-3818,-3502
-9742,-9641
-4193,9606
-5423,-7755
-7991,1560
-3339,-5224
-3077,-4443
-6508,-189
-6158,8025
-8843,-2879
-830,7622
404,-1594
-469,4177
-6898,7149
919,-7226
-187,4449
-458,1003
-9616,-2760
-7721,-3758
-2717,-7560
-5741,-1592
-3410,637
-9857,-7509
-3236,1971
-6466,-5639
-1013,4350
-8608,9923
-8086,7417
-3204,-5408
-2420,1659
-5419,2590
-8672,1205
-5253,-2797
-6662,9624
-4263,5490
-1790,-7340
-9817,3513
-2561,668
-1588,2118
903,4613
-4519,-534
-4170,2956
-5812,1398
-2400,-8297
-5984,-8110
836,7572
-9698,-8948
-9264,-7171
154,2158
-5213,5501
-1708,-3096
-3309,6349
-6864,2668
268,-6729
573,-295
-5615,6332
-4345,-6097
-8214,4721
-1982,-2270
-8790,-6109
-3140,-8279
-7893,-3141
-2748,1589
-8192,6845
-2451,4127
-393,1130
977,5210
-734,6374
-508,-9720
-5079,-620
-2313,4201
-7867,-2947
-3876,-3731
-5197,-5553
-7803,-2773
-5533,2402
-2636,8170
-9548,7158
-6234,-7844
-8075,-5992
-5911,7531
-237,-5629
-5578,3628
-8230,-4957
-6907,-5360
-9070,7669
-11,6392
-9912,-4885
364,-6935
-6147,-8692
-3479,597
-641,2743
-7413,8025
-5990,9831
-4291,2982
-3101,6226
138,-7754
-5367,-628
-7585,-672
-9376,-7862
-3383,-7001
-2837,-4480
-6685,2508
325,-5557
91,9220
-3475,-374
-942,-6235
-276,5159
775,3866
659,-588
-3800,789
-1162,2769
-3444,4
-5497,8905
903,-8356
992,3036
-7414,-9166
-8695,7800
-1338,-9943
-4222,8768
-1899,2053
-1907,1871
-714,6238
-1052,-4139
-8549,-3152
-4742,704
864,-3953
-4111,4566
-8462,-5128
-265,9951
-158,9699
-7987,6751
-5835,1845
-6329,5985
-6607,3697
-847,9583
-3314,5742
-1213,-4195
-4906,-316
-8973,-8090
-8630,-1568
-5052,9967
-1077,7639
-6328,5735
-9334,-9032
815,5040
-2060,217
-8148,3927
-6434,-9613
-5848,2270
-6895,9578
-250,3164
-703,-6044
-7414,2906
-3376,-516
-4425,-2210
-7942,8974
-8909,-4348
-3940,5842
-3295,9672
-1610,-218
-1166,6849
-8917,5443
-3647,-7833
-1135,50
-3150,7797
-5623,3479
-5170,2953
-3324,5579
-3674,-8247
431,1896
-2174,5760
-9211,798
-2787,-3259
-9904,8387
-9842,-1284
-3620,-9978
-4211,4086
-8704,5956
-209,-6092
-9918,-9932
-9111,329
-5115,5533
-2067,-8035
-2439,3175
116,9165
-4056,9614
-4824,8720
-2672,3539
636,9813
-7942,-3410
-7445,6504
-8234,7198
-8030,4147
-2967,8064
-6693,801
-7204,7070
-7433,2398
-5358,-1250
-2657,-1222
-8706,3740
-2722,8076
-4786,-6126
-4858,-1389
-1056,3027
-4234,-2632
-7665,-4617
-3306,367
-9566,-5232
-9889,7197
-9103,-7556
-1807,-5709
253,8307
-415,2552
707,-1280
-6145,-5627
-8059,173
-1502,3145
-3355,-457
-392,-4307
-417,6208
-7394,4754
-8126,-1053
-5223,6294
-9326,4098
-1266,-3114
-4331,-3461
860,9869
-1113,-1799
-3876,8955
-6619,5223
-2662,9985
-8517,703
-4157,-536
-2038,7584
-6854,4993
-2318,-6049
-3151,2119
-8113,3892
-6040,416
883,565
-4091,8035
-3280,-1919
-1927,8596
-7600,-3374
-1877,-6741
403,-7691
-6645,4722
-3124,9846
-9659,-9107
-1775,7796
-9321,3763
-5867,-1741
-3319,379
-5709,9809
-8000,4818
-5599,-5168
-4849,-5399
-8089,1554
-309,-2421
-3510,387
-9358,-5876
-958,-6864
-8825,8797
-1756,5429
-676,5947
-1284,1748
-3484,6921
-9229,9122
-8893,-7790
-8631,1947
-4875,688
-5624,-6090
-9216,9066
-2604,-8813
200,-5801
-4806,5488
-8099,194
-3108,-7813
-5270,5702
-5065,-6366
-9452,6968
-7879,8582
-2387,5380
-1454,-3410
-8084,8816
-66,4920
-7933,2397
-4748,2794
-6307,-8693
-2898,1479
-1070,-708
645,2717
-9488,-3759
-7544,-4102
-6409,-6480
-2463,5503
-2735,9671
-7780,-755
133,-4918
-2259,9916
-9769,-9095
-179,-6997
-555,-387
928,9553
-4008,3345
-3434,-334
-8579,8541
-1739,6605
-2369,3357
-9761,-7310
-4381,7072
-2595,-8527
-8040,-9684
-3888,6413
-3391,4319
-177,-9968
-3528,8145
-8398,632
424,-8715
-9342,-785
-7665,4510
-4653,-1576
-2,3774
-3873,3237
-993,9610
936,-6970
-1318,-6343
-1439,1020
-6388,-1077
-9167,4491
-4028,-2713
-2370,-2803
-3045,-9060
-1382,7620
-9168,4137
-1500,-3480
-7811,-5608
-1450,-3010
-3799,8004
-4850,-6679
-885,3804
-6748,4314
-7785,-6592
-7257,2083
-7431,-1784
-2964,-5526
723,8644
780,-7879
-3508,-130
-4240,2802
-6728,6556
-9964,-2529
-6306,-7583
-5131,-7609
-102,-3405
-3352,-611
-145,-3945
-4255,-1261
-2312,-6888
-5515,2092
-2573,-569
-3996,4430
-8030,8765
-586,6710
-368,-7141
-7591,-4890
-1315,1586
-4292,-6599
-7506,3455
-8957,983
-1284,-7698
-2528,-7964
-8089,-7585
-8398,-9677
-2506,4646
-5011,4985
38,-5076
-5746,-3524
-5635,-3532
-5656,-4407
-7751,2712
400,-572
-678,-4688
537,186
-743,3828
229,-845
-8420,7258
-8086,-7004
-9329,-9095
-388,-480
-2256,654
-9860,6318
-5826,3867
-1755,-8618
-1905,-8499
-9122,918
-5459,-5737
-9615,6225
-3715,6106
-3072,9030
-1292,5798
-9850,-2018
-9971,-7526
-311,-4641
-8653,-4889
-102,3454
-5512,-5293
-8202,-6575
-2792,5689
901,-7742
-7059,8973
-8532,3328
-5801,957
-5887,-3088
-6825,9395
-9677,9824
-3303,-4584
-4253,-1060
644,-5581
106,9818
64,9198
-1271,-977
-46,-4935
-8609,1765
-1090,3080
-8573,-3196
-726,6359
-5490,812
-6605,8206
-6845,2981
-1849,-9536
-4929,6766
-1450,-5747
-8745,3442
605,-6552
722,6168
-2504,8850
-8500,8121
-7364,4805
331,-7187
-1082,-1971
-3422,8766
-1821,8816
-3400,1022
357,9135
-7980,-3723
-8393,9124
-1921,-6030
-7018,-9269
-4106,-9278
-5052,-6914
-8229,-4577
-3463,-4744
-3561,4767
-1088,-4453
-2106,2606
-5853,-4340
-5657,5014
-7892,1532
-6042,-4070
-5062,-7614
-457,1282
-5796,1604
681,3345
-8595,981
285,-6670
956,3864
-9670,-111
-418,-7678
-2513,4358
-6006,-3394
-3948,-4532
-2551,-2422
-2627,3823
-8639,-1378
-173,-6396
-6468,4077
-7279,3954
769,-7581
-2360,-4018
-8897,-817
7,4486
-7583,-9285
67,3859
-2877,-3882
-2049,-8815
-7408,-5902
-8712,-662
-7891,4649
-6880,-5810
-8787,4602
-7307,-3905
-6303,-1582
-8476,-6487
-4349,-3834
-2577,9583
-4616,-6211
-7943,4800
-6559,2218
-9222,8617
-2036,-5290
-9532,6308
-292,-3588
-9800,2637
873,5774
-3627,-2827
-3300,6742
-5586,-7568
-8588,9526
-3249,-2870
-1050,-1519
-1492,-3434
-1579,-1246
-3258,-2650
-7754,3402
235,-4650
-9186,2120
-1631,4515
-3598,9632
-6458,-1862
-5821,-258
-7745,-6198
-9892,-1645
-8061,-2149
-4071,4734
-4389,-3368
-618,1383
649,3752
-5103,8772
-2286,-5189
-8075,3102
-8254,-3968
-9925,2670
426,6227
-609,8385
-936,2962
-5387,-9765
-2077,-4047
-7537,-1609
-7880,9892
-6916,6380
-3049,-7302
-7402,2380
-348,-2807
-4841,7750
906,-5052
-4879,1227
618,4905
-7391,3918
-7828,374
-3097,3940
-3384,5596
-7723,-9590
612,9196
-4558,70
-8430,5326
-5807,7686
-4092,2001
-1085,3365
-4825,-5891
-7875,-7892
-159,-4669
-3137,8821
-8423,-5706
-8013,9162
-8110,-1549
-3922,2316
-3077,1723
622,6032
-6098,-6911
-8776,8643
-8381,-641
-2699,-6289
-3496,1731
-6040,4213
-9385,-9209
-7369,154
-3796,-8866
-757,735
-2047,7370
-7523,3944
-631,5067
-7025,-4130
-3131,8018
-4515,879
-5130,851
-7002,-2733
-8792,9305
-5285,-9270
-9626,-3757
-9974,769
-3384,3148
-3409,-3724
-2514,-7975
-6568,2861
-6096,779
411,362
-3340,6980
-5577,-7683
-1150,6534
-3884,-2931
-841,-9049
-656,-4487
-7364,6081
-2642,6237
-6573,-1627
-1067,-7187
-3162,-2192
-1038,-2562
-3164,-6922
-8157,1156
-376,9627
-4366,-1098
-4793,4033
-6878,6286
-282,-7429
-6704,3180
-7650,-1921
-8255,1658
-6107,-4550
-8460,1003
-5350,1950
-2180,9372
-5715,2903
-6251,-1732
-3256,-613
-2264,3336
-6522,-6849
-1852,911
-9441,2214
-5413,2772
-9523,308
-8018,-9998
-7978,3329
-3778,-7110
-3802,-5494
-7352,823
-216,7073
-8180,7539
-7576,-3036
-21,-5198
-6231,4555
-6438,9660
-2578,-9829
-1377,7641
-5905,1336
463,-7692
-542,8407
-39,-2398
-5605,9169
-8981,4828
-8934,6963
-5681,-1433
-3448,-6926
-2119,-555
-7539,-9924
-1384,1284
-2392,8554
-7538,-9019
-2436,626
-8090,6295
-8772,-583
505,-3854
-2973,-2170
-6419,-6209
-3502,-847
243,-92
-2057,6394
-6637,-4226
-3298,-3050
-7290,-1593
-3897,6787
-8728,7511
-9189,-3491
-1504,-602
-9020,-8630
-9283,-6417
-8511,-1009
-2898,1393
-2309,5990
-6274,3919
-6386,551
-8845,-2345
407,-5373
-310,-7072
-1985,2991
-6776,-8788
-4647,-4131
-401,9229
-3274,615
-1381,-988
-4350,869
-3056,8036
-1894,-2722
-7054,2517
-6907,9594
-5319,-8075
-2740,-8298
-4961,8536
-1809,2673
-4482,-8144
358,-7389
-8885,-2999
-1480,-50
-7503,-2805
4,-2420
-3844,5634
-5054,6280
-6773,-1926
-7604,-3479
-2943,-1789
-3162,-7256
888,-5388
-4561,-2174
386,4172
-3765,-7767
589,-2252
-7233,5238
-6782,3105
-7047,-2471
-1645,4821
-7279,3537
-985,-7995
-4633,4022
-965,-4811
-3654,9140
-6042,-7137
-8342,-8846
-9511,-7278
-9220,-8560
-1871,7479
384,-9328
-4518,2479
-7777,-2358
-3886,185
-3434,-6077
-1080,-5520
-8374,-2567
-6361,9264
-1649,9077
-3918,8281
-8615,-7901
-5906,6092
-8474,-5795
-5434,9682
-4106,-5949
-8353,-836
-9064,2919
-6590,-3515
-7846,-5659
-9641,9044
-180,6352
-8261,-6786
-2814,5416
-6887,-6072
-5028,9543
-754,1354
-5380,5146
-6844,8654
644,-2163
-3643,8920
-271,-1185
954,2400
-7569,-3147
-825,-1574
-2773,-5462
-532,-9865
-9049,-156
-4709,1700
-1587,-9950
-3648,-1584
-2684,49
-2446,5068
-9496,3806
-3811,-9814
-615,-8506
-4367,-4664
-9022,-7415
-589,198
-9117,-1700
-7578,690
-7778,-674
-2282,-539
-4997,-829
-1271,-7257
-5936,-8532
-5254,8845
-1559,2999
-7198,8003
-4385,1650
-9411,4132
-1600,3211
-1657,-6554
-6708,803
985,-5517
-6481,6818
-3876,8913
-9937,-8220
-599,-3773
-4996,5936
-1838,-2647
-17,9705
-880,8259
-1928,5149
-2230,-7277
-7776,-7269
-1865,-1025
-6097,641
961,7925
-7445,-6444
-6386,-5654
-9713,-7959
-2772,4763
-9517,-4576
-1400,4053
-1891,2768
-5989,2255
-1068,861
-615,3477
-8523,-8922
-6993,9664
-7388,-229
-1152,8672
-8807,8332
-971,-1061
-4556,7293
-2065,4240
-6610,8918
490,-2796
-5058,-7114
-9928,5950
-4276,6311
-6058,-8546
-75,7020
-8321,903
-284,-9897
-2789,5006
-3462,-1256
-4828,1962
-8591,-8112
-4827,-3781
-381,3940
-9744,-4312
-5711,812
-4998,-6624
-4933,8458
-6948,5442
-7652,-5512
-271,2744
-3202,-7173
-2857,670
-6863,-3436
-460,-8223
-6197,5685
-129,1826
-651,-8911
-7977,-4647
-9262,2155
340,-2697
-4379,-7568
-7464,-156
-2226,5313
-6406,6854
-5600,-2839
-1913,4643
-9238,6765
-2691,-5794
-9408,8961
-8603,349
613,-3753
-5524,-1589
-8609,-5518
-3634,1753
407,441
-5144,1024
-5660,-313
657,8866
-1349,-674
-245,-8946
-9227,-4356
-2508,2850
-8443,-3738
-6892,-7158
-3100,-8478
-6334,-2298
-4309,-8991
-6185,2922
-3563,2808
-9857,-6816
-1594,-305
-6945,6536
-4973,-6990
-705,-1313
-17,-6906
-9026,4701
248,-8970
628,-5576
-1548,5739
-2199,7142
-1781,-1734
-2737,2432
-8470,-2697
-3034,7811
-9991,-441
-5612,4688
-7966,-9549
-8362,-1614
-5178,1272
-7328,-6689
-8090,2908
-1587,6840
-197,-9573
-4652,-6741
-6326,8479
-5185,-6376
-2473,-2258
-7407,-656
-7947,7613
-6013,-3015
-9872,6594
-6806,8302
-3385,6600
-7799,-7773
-3831,7260
-5193,-8985
227,-3260
-691,-7358
-7909,238
-7218,-5795
-3364,1446
-4733,-2271
-386,-5278
-9086,-6440
-2591,-5384
-8086,-3216
-3762,5007
-6210,4222
-9166,-3246
-244,-2721
-4104,225
-1568,-4135
-846,-5630
-8999,5440
988,4661
-2440,4852
-6947,-6075
-71,424
-2286,-5543
-4440,-8611
-5063,-6517
-4055,-2899
-2097,-592
-9365,-2172
-8546,-7082
-3462,-4791
583,-5524
-5449,-262
-7976,-1478
-4745,373
-7470,-7022
-3883,-397
-4439,-8194
-8308,6574
-2424,9305
-418,8004
-3495,2842
-7422,-4972
207,5578
-3475,4388
520,-8745
-9409,773
-7751,8673
-1767,2063
-1344,6257
-5200,-7322
-4944,8426
-5831,-2242
-4995,-649
-3279,602
-7043,4260
-2273,-7185
-2386,5705
-4399,3112
-559,-2239
-6584,6915
-6581,8537
-415,7928
-244,5763
-7024,-7366
-8586,4202
-2661,-4042
-3796,9504
-4720,9304
-3204,244
100,-3379
-3405,-5953
-1094,1668
-6965,5277
-7316,2157
-2429,8632
-2632,-61
-2997,-384
-6134,-7834
-2829,8088
-3910,-544
-3585,-3382
-3590,1194
-4895,5690
-6761,8487
-165,-3881
-7775,8558
-4914,-4658
-5968,1189
-891,8153
-5899,-3384
-7905,-7563
-4662,8201
405,-2127
-473,-1550
-1871,4066
-7654,8838
-5050,4723
-4686,4101
-4326,1818
-8064,-5042
-1555,8038
-3013,9343
-2988,-5676
-5690,9143
-9665,-3135
-3816,61
-9493,-1094
-9448,-5094
-5628,-6833
-7477,8897
-3877,-8058
-9836,-7730
-3640,4267
-1394,5932
-484,7813
-6463,-943
686,-2812
-298,-6268
-576,-7113
-5751,-7649
-6491,-998
-8854,5135
-2135,-7636
-8800,-520
-4219,-3714
-3197,1590
-6939,2280
-1204,-7266
-8768,8821
-6413,-2909
-7436,-4673
-1627,-8844
571,-522
-928,-9918
-354,4761
-5892,7904
-492,-1753
-9377,-7485
-4865,-401
-5339,-631
-4461,899
195,9141
291,-7893
-4794,-7496
643,-8554
-2467,-3923
-316,-5813
-7984,2299
-8993,4894
-5837,-9539
-9327,-7809
-8917,-1699
-5921,7532
-2645,828
639,-4250
-7261,-433
-7742,-9759
-1866,6500
602,1460
-7345,-6910
-6869,2897
-896,3950
-6031,1295
-1682,-9206
-3353,-318
-5852,536
-5169,8748
866,2588
-3533,9645
-8583,6527
-1074,2614
-8674,2544
-5849,-2340
-9735,9444
-7317,-2073
-7839,-1697
-4041,2794
-8561,-2229
-8953,7437
-7741,1861
-1834,2470
-1586,503
-5454,-4474
-6299,-353
-6901,-177
-6594,943
-7952,-4221
11,9550
-7323,-8104
344,9628
-8131,-7352
-1270,-1230
-2903,9093
-50,-4088
426,-5206
668,-6768
-2552,8748
-7698,-8673
-7433,-3825
-9536,1964
-6949,6741
-4770,1073
-7103,9713
764,7727
-6751,-2022
-4322,-5106
-4557,2555
-3379,-2303
-5683,-6649
-1661,9640
-8602,-5878
-4157,-657
-6910,-9062
-8952,6484
-6349,-1972
-6112,-1978
-8904,2787
924,-7992
-2876,-8316
-8961,-9515
-1130,4741
-9144,-8578
-4591,7715
-4250,-7473
847,-3949
-6288,8335
-1209,3568
-3226,3238
-3025,3283
-8297,-5447
-9256,-7935
-4249,5040
-2403,-3618
-8403,-7847
-5401,2687
-9761,5446
-6591,669
-2398,2225
-1758,-1563
-9286,-257
884,-8755
-3183,5570
-9720,-1887
960,-3879
-6588,571
-4736,-5517
-4765,849
-77,-2352
-2841,6281
-5900,8456
-7555,7207
-8216,-7996
-1196,-7289
-5249,170
-6900,-2395
-3525,-9833
-7089,-4839
-4452,9765
-4617,7809
-6651,-788
636,6967
-5113,-9115
-9248,-7518
-9873,-2039
-1527,6984
-3930,-2184
-2567,9984
-9930,-8011
-8666,-4699
-1124,-882
-6991,-1817
-9617,-7206
-659,7516
-9613,1115
-2474,3124
-7399,-6749
-3716,-8502
-6505,-1645
-6918,-6538
799,-7713
-5897,-5633
-8601,2285
553,-146
-6091,-8292
-7672,-8706
-3675,6881
-3778,8655
-40,-3700
-4151,-4967
-3814,3913
-9605,-98
-8663,-9693
-2121,6488
829,7587
-4817,-6894
-8736,7478
-5066,6067
-7685,1388
-9129,2356
-670,-2915
-7992,-5837
-499,7238
-2209,4576
-1900,-6191
-9912,-8555
-3353,-1902
-5408,610
-9697,9582
-3711,3334
-7708,4151
-8398,-2310
-8132,-5966
-8151,199
-2587,-5543
-6424,4824
-4721,187
-2454,-8822
-4031,9185
-7992,767
-8098,-5619
-8203,1330
-8340,-3109
-8198,6021
-5119,8233
198,-3241
-7406,5555
-6026,-7503
-9375,5079
-5571,-3873
-4518,-7081
-4168,-9636
-5382,2492
-8831,5957
-8851,1591
-5579,-3088
-1734,-9660
-5172,-4970
-8179,-7160
-3899,-9525
-4494,-5575
-7508,4783
-575,-3748
-455,-4516
-5598,-3320
-3883,4512
-4019,6250
-1765,-4859
-4098,9539
-4727,3883
-8980,-8436
-4230,-3497
-9979,9690
-966,-8828
-1768,-8165
357,4056
-6274,800
-6292,-1326
-9715,-6251
981,-8449
251,4043
-6426,6700
-9981,-361
-5859,5494
343,9620
-4313,5949
-5709,803
-7909,2839
-7199,-4813
-9342,-8095
-6201,6235
-3938,9039
-7471,7491
-8180,-5723
-8301,-3677
-5193,-5218
-48,6339
-9318,3273
-3072,1666
-7182,7413
-5159,5619
998,9121
-3891,257
-7668,4725
-772,-557
297,7631
-7042,-150
324,-5674
63,1895
-6737,-3029
-3369,9001
-1109,-8707
-9491,5525
-9256,8411
-8961,-7122
430,3140
-3439,-5468
-8485,-4870
-5816,8297
-48,2869
-8575,4798
714,-7308
-3158,8268
-4005,-1265
-3891,-2962
-2358,-1304
-1467,-5076
-2915,-4545
-7322,-4317
-3158,-2940
-2642,4256
-3171,-5272
-9551,2027
-2840,9420
-4627,-5632
-8315,-6725
-5460,-4296
-6183,5012
-2617,102
-4818,-673
-7947,-4098
-2200,-5600
-704,-4208
-3375,-5847
112,-9998
468,-2198
-8810,-3301
-5638,-1756
-161,2796
-8812,1244
-1941,4393
-3187,-6901
-3391,3045
-5157,3985
-6247,-8196
-2085,8841
-9267,-263
-6082,-648
-6811,8632
-3853,-6657
-4594,-7258
-6806,9585
-8138,-7836
-8861,5054
-6602,3243
-9415,-2451
-8556,4361
-866,1736
-6284,8265
-8837,3281
387,-1999
-3644,-5613
-4152,-6843
-8601,-1293
-9305,-2935
535,-59
-3477,7075
-1159,7675
-9800,3935
-3934,-4488
-4134,9964
595,-9277
-9659,-3389
-7086,9783
498,-4088
-9922,-9065
-4950,2569
-8770,1599
-8886,7940
-5345,3477
284,-6522
-9687,-6561
-2690,621
636,4430
-7656,-8626
-1356,5143
-969,2323
934,5667
482,1468
-5706,-9476
-299,9382
-3601,712
-8758,-182
-6666,178
-2712,-164
387,-8669
-219,-6061
-7892,3536
-5032,8744
-5904,-723
-8372,1112
-2819,5119
-4454,-1756
-6233,7887
-4282,-4648
-3906,-709
-3021,-4664
-4278,-1946
422,1941
-8338,-3472
-7892,5967
942,6624
-1559,245
-7098,4925
-1202,-8231
-3736,3516
-3002,-3777
58,-1132
-19,-3325
-5622,-1779
-1363,6937
-6402,-1001
-4913,7536
-2788,4599
-3253,-9072
-1429,2492
-3956,4291
-5771,-2032
-910,5648
-8543,7146
-1395,6434
-2455,8928
-4118,8199
-4179,-8903
-2922,7860
-3639,-5887
-4523,-6682
-8550,9910
-7627,-637
-5240,-6369
-8380,639
-6039,-5284
-214,-2693
-8885,7736
-3267,-1209
-7461,-9349
-1513,-8728
-9106,2012
-1290,-1067
-2318,-3404
-1768,-8773
-2597,-8019
-3144,-3903
-8826,-1734
-8975,-9658
-2861,3968
-3946,-5979
-3212,4690
-8452,8763
-9084,-9958
-8059,2015
-746,3475
-4638,-2960
-7621,-7020
-260,-1939
-7561,6983
823,-6211
-4375,-3849
-4301,3022
621,9159
-208,4987
-2232,1408
-2211,-313
-8401,-2333
-243,2726
-5571,-6628
-9601,-6597
-1521,7639
-6263,3900
-5563,-4084
-784,4786
-1617,-4650
23,-2084
-6879,3458
273,9427
525,3811
-5428,-8921
-1540,7522
629,1865
-304,7538
-5687,-2462
-9487,4386
-6281,8736
-1422,8043
640,-5519
-5377,3561
-6352,3432
-5434,-8441
-2332,9757
-7185,-9229
527,7089
-7320,-816
-7109,-689
-3558,8714
-7111,2285
-7278,-4699
-2699,242
-8708,-1746
-831,-5646
-4965,-5261
-6085,2868
-8346,-4850
-2482,1588
-817,6364
-6262,-8507
-6147,-7348
-3807,5614
-3412,-9868
-9576,2485
-6882,-1827
-699,-774
-7472,-3810
-7373,-2214
779,-8058
840,-9132
-9266,-5005
-2033,-6073
-2835,9823
-2986,-3558
-5040,4442
-2338,8694
-3126,-3341
-2518,4878
-9813,-7760
-8241,3263
-8019,-5570
-5561,-7054
-5344,-670
-543,-9538
-3238,7661
-6496,-8566
-1682,-1394
-1482,-3184
-4056,-7039
-4274,-5219
-8941,-2939
-2125,-9163
-97,-5940
-2800,3636
-4470,8843
-972,5103
-3670,-7183
-7703,2873
-580,-3691
402,4002
-5348,-728
-8737,-3719
625,5833
-3770,1521
-7412,2807
-5368,-830
-3595,3649
-4795,-2393
-2918,-871
-2852,-2683
-1451,-4792
-5749,6347
-7799,-1061
-1768,244
-8367,3898
-1846,-1623
-4291,-3847
-657,7332
-8638,-472
682,-1360
-6724,9893
-9752,-1140
-5582,9489
-5488,-8818
-7625,7648
-6635,-604
-2016,-4054
-3391,2901
-3729,-1313
-6777,-9273
-9013,-4297
-1659,2553
-2422,-922
-6364,-4560
-4900,3407
-9602,7728
-9323,-6896
-8045,-4064
-4250,1243
-3496,5264
-7496,9252
-5523,2646
-8577,-4042
-2112,1363
-5257,-7839
491,-7627
-9466,-978
655,7829
-3914,4499
-6724,289
-1427,4641
-1354,3348
266,5018
53,-3935
-2691,-1279
-1895,3599
-3932,874
-7408,-6722
-8570,8240
-9010,-6552
-5674,-1403
-4080,-1726
422,-5020
-9979,-5695
-8827,9890
-9183,4922
-5961,-1181
-7609,4290
775,-7991
-4814,3796
-1125,-6457
-7000,8081
-9076,-5964
-6812,-7871
25,4284
-3226,-8201
-4401,-3856
-4943,-1933
-4569,348
-9727,-5822
-4084,-8839
-5649,8352
-2321,8409
-3501,7773
-887,-7328
-6211,7740
-4812,2163
-1216,-5544
-9826,6888
-2405,-4094
-9508,-9475
-6148,7110
-4753,3588
-5837,-3156
-9403,-1828
-767,-4550
-4562,-7941
-1236,-3690
-9367,7239
-7784,-6008
-5293,1956
-6925,8542
-3500,5895
-8412,3146
-5290,6442
-5047,-3322
-3238,-1800
-7923,-7976
-8447,-3192
-2518,9392
-8493,-6522
-2712,590
32,7404
-8158,2912
65,3889
-2759,8489
-7086,8216
-8481,-6914
-9162,-3863
-686,-566
-4057,2844
-9940,-719
-9799,6545
-1269,945
-887,5533
-847,-988
-9017,-5601
-7870,194
-4411,1969
-5931,5060
-8645,-1606
-1334,-8797
-5983,6784
-3705,6079
736,-709
-6074,-9477
-8483,4676
-5674,-1018
-4869,3052
-4340,-1611
-7764,-2583
-3723,4491
723,-1749
-9869,8890
1,8717
-8133,323
835,-377
-7129,8762
-876,8352
-684,5989
-3980,3361
-3478,3043
-6747,2757
-5549,713
-8235,-8340
-8606,-7577
-4219,-2993
690,-3062
-5771,6670
-3256,-9286
-5959,6212
-2026,6756
-6755,-3908
-4668,-2894
-5232,-8835
-2339,-7051
-9336,-4927
-3581,6341
202,4035
-1016,-7105
-237,5175
-6965,-5235
-7664,-2445
-1405,3140
-7737,-8757
-8517,8615
-1663,-6373
-8070,4424
-972,-9027
-6018,-1713
-8656,602
-8828,-2637
-434,-1347
-6514,-1883
-1544,-605
-8943,-9620
-9991,-3441
-4982,-6742
-6630,9370
-3923,-3106
718,775
-9878,-221
475,4917
-6763,-4906
-9538,-9459
-6521,-3340
-6095,-1765
-3026,-6814
-7533,3386
-2586,3142
-3228,3432
-4046,915
-8797,7289
-2365,66
-4169,6663
-52,-5029
-922,6470
-312,7795
-9571,-6698
424,5520
-843,6002
-147,5607
-746,-9147
-5178,-6202
-5445,-9060
-6865,-9330
-2927,2614
-8034,-6568
-1275,-9192
795,6841
-7278,3518
-2765,-6112
-4253,-4084
209,-1124
939,-6846
-5542,3482
-7194,-9490
-9173,-821
876,7195
121,7013
-1278,-3001
-5587,6688
-4764,-6350
-3382,2689
-8925,3986
-5468,-749
-5929,-6109
-2697,368
-4247,-2180
-2383,-1568
-3840,-6050
-9659,-807
-9050,9573
-3019,5092
-1074,-8991
-2925,-3680
-2116,7134
-7196,3104
808,8478
882,1135
-1527,2857
-8476,-7052
-8126,-6565
-3628,2608
-3220,-932
452,900
-6912,685
-4058,3088
-313,-4291
-2697,2646
-3184,1819
-9904,-4131
-6883,-2074
-6727,5426
-8806,-1599
-6887,-3800
-6966,9890
-2522,-1920
-2512,3465
797,9700
-1072,-3826
-3737,-1843
-6456,2835
-5399,1700
6,-1640
-9946,-1530
-9657,-690
-4541,2624
856,-4029
174,8186
-9171,-5988
-1668,5744
-7836,9185
-7954,7003
-1355,-4879
-1377,6575
-8256,-6217
269,-835
-5829,4244
-7863,-2791
-4537,-9220
-1052,-234
-7890,9885
-2784,3884
563,5785
-1287,3580
-8715,9813
-6482,6218
-7831,2377
-5440,-5815
-9492,-9992
-1458,2389
-3366,-6342
-1575,-9766
-538,-2091
-7413,6962
-3578,4875
-6161,7275
-2631,4268
-6515,4006
-4608,-2645
-51,-7812
-7505,-2802
901,-2885
-8257,3296
-5824,-690
169,-735
-8747,-9093
-4648,-7267
-4175,966
-317,-9127
-1790,-749
-2353,-2391
-3398,7625
933,-6497
-8028,-814
-1611,9887
334,-9314
366,-1394
-5630,7303
-6632,-8440
-2989,815
-7280,-9808
-8487,6085
-6696,-2942
-9168,-7417
-3407,2948
-6701,1889
-5435,-3812
-2255,5268
-9147,-4005
-4638,-8686
-4260,-6569
856,-2010
167,-6442
-6628,4816
-2815,-9658
-4965,-3858
-4530,-5303
-9939,9654
-3612,-4370
-9021,-7936
-9062,-2437
-6166,1632
-8634,3974
872,8400
-7658,6723
-7470,-4563
-966,-7880
-9753,9208
-2108,5996
-6563,-9571
-2106,-4227
-610,1616
-6265,5425
-410,-4205
817,8485
-2996,3124
-7438,-991
-6229,5331
-1772,5196
-9708,5410
-8117,-6276
-3863,869
-7197,7045
-6736,-4552
-1132,1619
-6918,9264
-4645,-5709
-673,8089
774,4651
-3592,7679
-5205,-7350
-7527,-631
189,9114
-4767,1119
741,4850
-2649,2604
-7543,7688
-2709,7678
-1397,-2780
-3378,-8694
-8487,6511
-8298,-1235
-4364,-8502
-5782,-146
-937,8027
-6081,7583
-9610,-8446
-8803,8866
-896,3147
-9663,-2201
-1365,-7076
-2025,-7661
-5453,717
-2765,-3171
-9618,1943
-4996,-8141
-5193,3077
534,-8807
-4059,1671
-9509,2033
-9457,-6074
-4738,7926
-322,-3118
-6485,-6398
-8673,5014
-7674,-5040
-8477,-7123
110,-4740
-8795,-1938
-1482,8390
-9208,-637
-9864,2869
-3782,-7336
262,5176
-3143,-2034
-5369,5831
-95,-5201
-1582,-7767
-9145,4699
-1967,-6929
-9724,-63
-9123,4125
953,-5558
-4622,-3415
-6636,-848
-2224,-1060
-6323,-2484
-5539,5909
-3433,4684
-9718,-915
-2274,6915
-9248,7669
-5679,3322
-122,6075
-7916,9572
-8605,8268
-5474,2768
-7934,2515
-1351,3383
39,-9025
-2261,-6635
-3060,-7549
-1680,-2219
-4296,2103
-478,-411
-2867,-4772
-3434,3497
-6404,9821
-2548,-1333
-9681,-9231
-685,7408
-9669,4285
-2498,-8923
-3384,5013
-113,-2536
215,-9373
687,3203
-2065,-576
-5945,5412
-2429,9024
-3490,232
-2933,-3189
-3353,3333
-3498,-1403
-1107,-6905
-3215,-9426
-5874,-62
-3417,9669
-4830,-9754
756,-3960
-1353,4785
-4081,3703
-5293,-3074
-668,4087
-2316,-3877
-4604,3506
-3217,-8456
-6566,-7941
-5909,-901
-2014,-3281
553,-3215
503,887
-1101,4415
-687,7210
-7282,-7626
-1758,6928
-5987,-6267
-9852,1409
-2453,-2488
89,-3797
-4323,6111
-1970,-4269
-5215,-3975
-524,-1582
-6705,4879
-5236,6081
-5589,8397
287,-6416
772,-7893
-1121,-2289
-8075,7194
-9194,-3152
-4875,1785
-8871,-4477
-7508,-4313
-296,-5407
-292,-9165
-4252,-7131
-9439,-2576
-9386,2964
-8377,-2428
-32,-8259
-6160,-8705
-2086,8764
-1354,-6231
-5204,-1032
-3573,6932
-229,-6292
-4454,3089
-4174,-957
-2175,8446
-3947,-2980
-5618,9117
-4419,-7763
803,5632
955,-2524
-4145,8000
-485,-7095
-6733,2668
215,-7169
-5691,1343
-8124,-7799
-3172,-7894
-9723,-1271
-9406,5841
-1645,9988
-9041,3282
53,1921
-937,-2241
-5246,9424
-8990,-8211
696,-1209
27,-9179
-2689,2312
-2136,8311
-8928,-4450
-4915,3791
-5012,5446
-4219,-1440
-1454,9099
-9145,-7908
-8584,3849
-5263,6277
-708,5427
-45,-3106
-360,-4080
234,-6469
289,-7136
-4977,-8424
-6086,5309
396,1253
-9926,6269
-6390,6462
-850,2771
-2102,1912
-1828,-4875
-1514,-5353
-2587,24
-9133,-579
-9618,3063
166,5982
-7012,-4621
-9544,-2257
-4799,-3052
-6201,-9348
-4161,5582
-2486,-4904
-3800,3711
-4760,2831
-8152,-4268
-8242,6776
-4665,4779
-653,-9146
-185,-1228
-9934,-3618
-5202,6736
-8924,1346
-4648,5724
895,4396
-5555,-7353
-1234,7895
-1550,1374
-1266,8502
-8553,-2488
-3285,-3064
-6916,7949
-6603,7971
-7311,-2925
-1142,-4627
88,-4192
-1559,-8854
-5023,867
112,-4688
-8406,7182
-3621,7894
-8191,8028
-246,2507
-1328,-4208
-2899,-4670
-8621,-9250
-7265,9131
-7048,5698
-4588,157
-7956,8366
-8841,6192
-6234,7298
-5523,6887
10,-2412
56,9578
205,-7473
-6127,-4142
-9720,-7497
-1819,-2883
-9245,1130
-5413,385
-1569,1378
-6433,-5571
-5465,3256
-386,1227
92,-6974
-5178,2322
-1876,-9155
-1335,-4072
-4513,3654
-7009,2901
-3227,-4063
-644,1762
-2601,637
-4187,-976
-8199,9967
-6878,-4586
-2560,-4389
-5671,5922
-9562,-3855
-769,-1296
-9609,2323
-1725,-7016
-4810,-3243
-4967,5346
-1423,-8035
-4920,9493
-9553,7722
-4951,-4979
746,-5743
-8332,-7222
-6188,-3229
-5984,-8347
866,5738
-1465,3486
-1705,-7086
-7156,8144
-9793,5092
-3870,5638
-5351,-1042
-8326,2855
-9857,4798
-9896,-4755
885,-6803
-3789,-492
-9404,-6504
-1489,-9939
-4198,4394
-9535,-206
-2056,-9418
-7506,5812
-8552,-9089
-8136,-9232
-2904,-6214
-2721,7392
-7577,-1941
-7129,-2739
-1493,-2003
707,-2622
-9715,9998
-7473,7645
-9822,-4810
-6390,9022
-5402,-824
-4016,2978
-113,7936
-4790,-6871
-8533,8957
-7840,8627
-8713,8792
-2571,-3799
-7362,-8750
-531,-9736
-7342,-6771
-3594,5688
-6422,-4911
-2401,-6134
-2017,-1554
-6391,-31
-8708,9313
-6359,2616
-7045,-8721
-2929,545
-2266,-8690
-2593,6301
-9264,-8349
410,-9145
-9575,-1882
-3753,4586
935,2146
-8469,-1965
-520,1145
-9150,-1758
-8911,1093
-3920,-6662
-367,-2888
561,6296
-665,2117
-3191,2080
-7540,-2537
-6838,-9870
807,3839
-1624,-196
52,-1429
-8110,-5719
-8729,-6926
-1105,2839
-3285,4396
-5775,-7002
-1526,7070
-5869,-2452
-8537,-3597
-6477,6758
-1216,6726
-7516,-5623
-2015,-5699
-4508,-2505
-5897,7279
-3916,3373
-4805,-5883
-3503,9720
-9730,2430
-7387,-409
-1097,3725
-8149,-7972
-5890,6462
-7954,-4387
-9780,7478
-7756,1063
481,-2537
-796,290
-1758,4898
-5431,3759
-4555,-9705
-4342,-5187
586,6648
-8848,2747
-7936,-5907
819,6248
512,3808
-8455,-3993
-6358,-824
-8204,2447
-2989,-1053
-3305,-9986
-2352,3995
-6595,-691
-6639,-308
-5250,-738
-6467,2588
-7578,-1614
-5547,-4952
-3908,8535
-3920,-7456
-7620,8286
-525,4233
-2367,5899
-5574,7617
-9101,-2714
-2008,-7329
400,3183
-681,-7241
-3021,1518
-6900,-6531
-850,-8856
-598,-6110
340,-1010
-7015,-6918
-1000,5583
-4358,5854
-3693,-5235
-9837,7116
-82,-2387
-318,-8756
533,-3064
-4801,1006
-7876,2303
-4062,-17
-3151,-2421
-5058,955
-2755,754
-911,7052
-4944,-5770
585,-4080
-7168,-3801
-4348,4200
-1290,4985
-4509,7053
-6643,-4144
-811,-6226
-8216,3991
-9380,-9228
-5002,6737
-4946,7398
-8196,-4249
779,-1656
-4864,9535
-5787,5758
-6642,-9139
-2440,-4753
-5991,1476
-3128,-827
-4497,-5019
-1318,1456
-2567,3736
-2848,-566
-5858,6840
-7036,4949
-1773,-9975
-3705,2465
-6575,-8571
-7673,1546
891,5907
-3525,9373
-6278,5433
-2860,-7941
-8218,-7032
-2533,-3273
-4588,22
-3319,3097
-657,9802
-7338,7397
300,5583
425,3925
-7770,-7029
-423,6819
-8382,-54
-9290,6723
-3968,-6669
-7817,-8531
-9609,-1636
33,-9128
-3380,8185
-6616,5634
-8201,9648
357,460
-4118,3400
-484,6210
-1074,-1216
-903,-2951
-6229,2396
-4241,7344
-3156,-8935
-628,-1511
-3538,-7806
-8067,81
-1405,-9541
-8391,-1205
-1474,-997
-8716,-9717
-9155,-8457
-3941,-3475
-8618,2200
-7314,6278
-3288,-3857
-2921,4803
-6177,4671
-3170,6286
-4941,1336
-2674,7695
-4258,6404
-6272,1646
-8520,-3494
-7775,6006
-7031,-3408
-8813,-4555
-8742,-4882
-1467,-863
-3888,-4802
-7688,8821
-5170,-705
-5121,9400
-882,3032
-927,-354
-1005,-8343
-9033,2280
-8402,9342
-3268,1255
-3349,-579
38,-3362
40,7518
-9616,-6363
-2430,7578
-3135,-6678
-9037,6940
-1819,9234
-9228,-2411
-1427,-5891
378,620
-3307,7207
-360,945
-829,426
73,7218
687,-4479
-1631,-7577
-1973,2824
-8313,4584
-3704,-6625
-919,-4769
-1174,8845
-9228,4664
-1086,-8607
597,6581
-3210,180
-7407,5405
-802,-5526
-5666,-5932
-5226,2296
-3524,3558
-3749,9183
-5356,-3651
388,9142
-3933,-2221
-6169,-9850
-6614,801
-1108,-6514
110,-4427
-4270,1895
-1841,-5790
-7788,5218
-1033,-9966
-6056,8142
-4752,2358
924,9493
-7478,1214
-5507,678
-9591,-7837
-7331,-5171
-33,-5310
-2072,-1698
-5557,-1180
-5621,8594
949,-136
-1118,4296
-5860,-1246
-7035,6444
-7089,9900
-1154,1589
-8868,3674
-4647,3111
-9200,5372
-1472,9561
228,1437
-2318,-2798
-3888,8185
-3112,-3571
-434,-2165
-4812,-7621
-8570,-4349
-6922,-3065
-3278,9047
-6652,-3788
-8171,3313
-3395,-7869
-6859,-8474
-8550,-5103
-8695,-4954
-8455,3837
-327,-1617
-192,2023
-4871,2620
-8805,2868
-7215,9883
-39,-50
-20,6940
-1911,-9239
-6589,134
-4675,-1088
-5986,8260
-9424,2781
-5362,7388
377,-6505
241,-6209
-1020,-7210
-645,-6628
-7279,-8558
-4602,5680
-6244,-9863
-7986,-4168
-6680,7440
484,-5561
-576,7089
-7908,-3406
-6508,-5422
-3091,-4407
-7620,-2362
-2972,-7104
-1300,-5379
-219,-5684
-4980,3367
-728,4489
-8429,-3019
-3084,2135
-3176,2144
-8821,5158
-7956,7459
-4735,-3418
-8593,-4637
-3999,4001
-2387,-5168
-7922,2596
-3955,-7261
-6445,3480
-2186,-2745
-6095,5967
-5978,3828
-3309,7866
465,8342
-7314,664
-7726,3180
-2030,-6392
-9503,-5939
-3993,831
-1199,1797
-2138,2773
-3363,5532
-5570,-678
-6114,408
-9160,5510
-2877,121
-2857,1518
-6690,1890
-3889,3219
-1425,7256
185,-6476
-9264,9570
-7504,-8477
-3277,-976
-9045,5045
-6045,-232
-8753,2611
-1946,-1892
-9280,-6578
-3020,5544
-2971,2192
-2624,9591
-6651,5069
-6689,-2571
473,5463
-3671,-2850
-352,-1775
-3333,-1371
-8191,-6309
-7937,3186
992,-7219
-7159,2051
-2088,1343
-5514,-1453
-4559,5988
-9445,-2825
-1017,-809
-905,8005
-1577,2894
-9993,2384
-9674,4363
-4556,6926
-6625,8530
-5118,2042
-7159,-5548
327,9909
-2109,-8503
-6794,-5208
-7811,-4707
-4488,-4124
-7012,2241
-7097,-4406
-463,-6270
-2474,583
-7528,-6473
-7105,-1129
-2648,6484
-1366,1483
-5381,5691
-7225,2085
-6245,4338
-5911,-6401
-6097,-849
-2673,-3029
-3887,8400
-2344,-7915
-7322,-3128
-9661,5701
-1719,-2124
-384,6401
-6292,-981
-4371,-6449
-8548,7059
-7647,-4584
-3921,7953
-3001,-9624
-5699,6424
-6248,-462
-6480,2755
-6832,-5679
-5390,-5123
-7085,7753
-4014,-355
-2317,395
-8478,-2000
-8839,663
-9297,8142
-5075,-6148
-5818,-4881
-5924,-8293
744,2166
-7562,-6870
-142,3403
-7952,2292
-477,-3737
-5804,-4931
-8406,-1272
-5973,-5340
-7420,6597
-9155,-639
-9585,-9669
-195,1165
-2433,8069
-4029,-8607
-9198,-4310
-6737,8983
-1423,-783
-7673,2573
-8795,4367
-4995,968
-6452,6913
-8744,7444
767,-4139
-2298,-4951
-9663,-1214
-1317,6954
-3010,7129
-968,9576
-1875,-2957
-718,-9085
332,-9207
-9298,-6224
-5450,2371
-1265,2165
-660,9480
-7125,2097
-4707,-4780
-1552,-998
-4901,4008
-7882,7742
332,-646
-4487,7243
-4023,845
-5578,-1334
-3505,-1764
-2353,869
807,8464
-955,5002
-1012,6738
-8223,3399
-5711,-9159
-6633,3029
-1156,-92
-697,8658
-4693,2532
-7335,6438
-6310,-3759
837,-3609
-6627,669
-2748,-7272
-864,2021
-1482,4108
-47,-9565
-9087,7080
-618,4353
-1102,-3609
-7007,-7000
-1884,1175
-6907,-5258
-7566,-8640
-2461,46
-6030,-9595
-354,3337
873,-2269
791,8939
-7403,6518
-2835,-3535
730,4827
-9892,-6618
-1700,-4720
-1015,2260
-7466,-2408
-760,-3049
-8003,1755
-837,2861
-8283,-9943
-3121,8138
-2723,-7361
-5996,5416
-2031,-4190
-5687,-8292
596,-4375
-4311,-6332
-3400,2775
-9538,-9284
-5444,-4891
-8720,687
-2512,2111
-4758,-3509
624,4357
-1358,-499
-6053,-1455
-1469,-4132
-5065,5944
-1319,5137
-7350,5961
-2504,9172
-5241,-7341
-5304,9858
-3228,9252
-6815,9578
-3156,-7829
-8936,-1193
-7898,447
-6013,-1945
384,2456
-6481,1275
-7855,2427
-5589,6599
-4294,-7980
-2416,2889
0,-9860
-5720,-1514
-166,5689
-8217,-6224
-1263,4964
-13,-556
-9600,5126
-948,4239
-5983,-7460
-6065,3857
-5926,-3782
165,-3462
-2782,140
-285,1008
-6156,4695
-7883,-3053
-5257,8286
-8012,7271
-6689,8032
-4622,5425
-1556,1310
-2082,4989
-7596,3706
-5272,2844
-3736,-9988
-3990,-8789
-8280,-5266
-6512,4206
-9428,1959
-7994,9851
-3792,5349
-515,1875
-7158,6771
-6406,8684
-4093,-2422
-3013,-4183
-112,-1772
-273,-4021
-8187,-2997
329,-2336
-8643,4640
-7881,-8486
-4816,9656
-2683,8123
-5759,9201
-4830,5484
-2078,-5758
-2676,1837
-3442,4256
-7227,-3770
-1325,-5347
-9183,-6692
-1389,5482
-5662,5056
-3363,6942
-654,-6303
-1875,-2257
-4436,9058
-9180,-7140
-3936,7174
509,461
641,-377
-9866,-7726
-2627,-5147
-9625,1929
-1536,9212
-7318,5883
-2003,-8945
118,2149
-3533,801
-1998,-2571
-2297,-4542
483,-5846
-1100,6790
-4542,-34
-7381,8241
-7651,-192
-1848,-2033
-8280,-4999
-7580,2784
-784,209
-311,-7504
-3620,-2582
-7163,6469
-1968,-215
-2283,-4142
-7057,-491
-3195,-6104
-8812,-8424
-4238,-2677
-8211,7074
-875,-8733
-1491,6605
-3004,1065
-6315,7900
806,8865
-6834,3484
-6,-7672
-3051,1452
-3668,-5502
-1013,1785
-7538,-5898
-8424,6914
15,-1066
-236,-9253
-3093,4534
-7519,6060
-4385,8093
-1743,-5415
-1145,-8775
-5737,1309
-6322,9773
-6396,5775
736,-4346
-6895,-6009
-9249,5739
-6092,8314
-503,9106
-287,7488
-2158,-9584
-7186,4759
971,8648
-4701,-1504
-937,4229
-4116,5256
-7434,-9053
-4500,-2559
-80,-2745
-3968,-4498
-1769,-7346
-243,-6914
-5575,-9053
-2034,-689
-8111,7178
-7098,-2284
-7983,-5318
583,-5263
-9074,40
-1411,6371
-224,-3714
-4837,-7684
-555,5770
-6193,-6580
-9111,3347
-5597,-4356
-1077,6438
123,-2508
-6273,-7730
-1481,-8003
-3748,-1950
268,544
-127,-455
-469,-1012
-5575,-7144
-5811,3191
-5161,-372
-2551,5948
-6328,2163
-7468,-5373
-4460,7733
-8828,-6178
-4296,2416
-2759,-3377
-3212,-9935
-3232,231
-5852,2846
-2450,9833
-4571,-1456
-2363,1357
-4571,-7106
286,129
-8217,2516
-3685,-8246
-6590,-2878
-4841,2184
-3946,-111
-8219,7895
-7030,-9871
-6718,6450
996,-5586
-9520,4722
-18,7937
223,7156
-6503,9955
-5630,-8712
89,-1988
-2188,5253
-6923,6937
-3339,4042
-2903,-9893
-1483,-9120
-318,3116
-8149,-2164
-947,1229
-5630,5760
-2724,-5749
881,-447
726,-7695
413,1699
-4222,1430
-5154,-2448
-512,-42
-5965,6856
-8340,-5953
-9702,8353
184,6690
-384,6512
332,-4759
-9463,-1472
-1723,-88
-1787,-8929
-3305,7404
-3384,-3143
-5632,6448
-2932,-3013
-4845,9390
-9404,-9959
-4546,2514
-81,-8244
-4760,-1942
-9465,1971
-9430,9946
-3034,2842
841,5805
-1068,7896
-6667,-8731
-7640,-6222
-7566,-813
-2928,4285
-2152,6434
-3610,-4703
689,-6770
-1527,2521
-5218,6450
261,-6890
-2770,-545
-6584,5443
141,-1848
-2302,-3772
-4316,6266
-840,8791
-4197,330
-5859,-5923
-7216,-1594
-4314,-3150
-1118,5037
240,-9353
-193,-6790
-3783,-79
-5778,-7429
-7577,5899
-39,-4415
-5983,4918
-1717,-6128
-5184,7024
-6030,-3306
-895,2562
-2527,-167
-110,8068
-5715,-7416
-7250,1563
-894,-3757
-7673,-5917
-8511,8695
-4489,935
-1720,753
-8093,-9843
-1274,-2124
-2251,5359
-2135,-9834
-4980,-1340
-6538,-60
-7686,-1987
-8084,8822
-7622,4331
-2474,-1026
-157,5629
-2837,9433
-466,-8825
-9588,-1688
-6352,-9313
-4375,1528
460,-1759
40,-4387
312,-1645
-3861,-738
-5350,-3678
-2003,5129
-6944,-405
-1895,9031
-5007,982
-6202,-7094
-9710,-9860
-6829,6115
-9184,-6423
-6325,-1423
-3321,-228
-8171,-1740
-3978,-1108
659,-8257
-1232,677
-7083,7275
-849,5072
-3070,-8664
-690,3568
-3254,1006
-7565,4905
-118,8274
-8225,-3621
-3988,4565
-1892,1036
-4509,-2858
-1062,2179
-56,1864
-7971,8976
-7756,-290
-7505,2026
-1493,9634
-2291,9328
-5727,9637
-6719,-8495
-4804,5584
-5204,9704
-7851,9946
-3075,-9666
-6932,6898
-621,-6189
-9601,6396
-4421,5239
-9986,-3879
-1618,9331
-7225,8798
-6727,-1883
-8375,-9209
-8342,-6328
-2489,8996
-2931,-814
-7501,6737
-7488,-6057
-8189,-3580
-2071,-1942
-1819,3232
-5342,964
-2333,4390
-3746,-5187
-4061,-6357
-7173,8279
-4866,-7740
-9340,-8933
-1765,2749
-3895,-2277
-9137,7818
-5435,950
-1645,5173
-9708,-9190
-5583,-3690
-2105,-765
-4700,7329
-9682,2690
-6652,-5768
-2840,5081
-2541,2561
-4046,-8990
631,7603
-5926,-6641
-7620,-4822
-562,-9427
-5995,5690
-5770,386
-2953,2624
-5269,1845
-565,-3181
-4646,-6644
-347,-5255
-9095,8656
-6835,7287
-7251,1934
-9102,-5311
-9234,5815
-3610,-337
-2057,870
-9070,-2960
-4106,2817
-6426,-6504
-1924,-7
-5715,-8779
-7855,1964
-1973,-8417
-1841,9642
-8996,-7410
-1751,-4332
-181,-6106
-3127,1792
-9381,8045
-6949,7001
-4322,-515
-1551,420
-2153,756
-4357,29
-2098,-1688
-1582,-2689
-8985,-903
-1262,8547
-5081,383
-2070,-3264
-6499,2594
-2303,4977
-4175,8713
-7241,5780
-7052,-9142
-5371,-3442
-6189,-8609
-678,-2676
209,1530
-533,8420
-5577,-4273
-3627,3674
-7029,8368
-6662,7358
211,-8010
-3274,5331
-1452,1211
261,-2709
363,68
-8508,-3251
-2737,-5477
-9440,-1159
-7470,-9540
-2290,8290
-7214,4613
-8168,-7238
360,-1296
-5359,-7061
-6461,157
-6827,641
-2830,-3000
-264,-9434
-2603,5850
-3438,-1883
-1986,-676
-3509,2480
-4070,742
-7583,-7875
-3530,-875
-3957,-3797
-9961,4091
-7144,-9853
434,8592
273,-8903
-8395,-570
-9784,-6063
-7672,-1734
-5812,-1826
-5845,-1850
-6622,-6363
-3258,6964
-7559,3489
-9321,-4275
-1022,9664
347,-5936
-2862,-2453
-2508,-4866
-978,8834
-2485,2545
-6918,-506
-7117,-9619
-5546,3184
-3278,623
-9835,-7714
-1060,-6750
-2717,7854
-7715,592
-8134,-5565
-4877,-8587
-2175,4773
-3818,-4016
-1454,6181
-7483,-461
-5458,-835
-5778,-6087
680,-6474
-54,7991
-1805,-3101
-3197,8907
-3480,-5717
-910,6225
-9400,8388
-255,-2251
-7790,6363
-4558,8226
-4183,7312
-3654,-8551
-8635,701
-4258,-2563
-6283,-4905
-9120,9291
-7786,2126
-978,2024
-7701,4175
-2929,7154
-7239,8712
-9357,-2760
-2556,6251
-9946,4293
-3140,4428
-2352,-2344
-7530,-3099
-3460,3023
-7112,-4551
-9261,5122
-8715,-4908
-6212,9228
-1023,-9999
723,9891
-9318,3158
-1029,-8375
-8445,-7046
-4247,-4389
-9626,-6553
-7433,4902
-4620,-9894
-663,-1030
-5188,9288
-9297,9687
-5865,2394
-1944,7972
-1220,-2824
-6585,7486
-6827,9860
-211,5613
-900,-4643
-1902,-525
-6493,-9563
-5807,829
-5929,7260
-6624,2780
-4072,7947
-3871,-4115
-2864,-420
-4200,-6188
-3035,198
-7248,-4024
-2483,-2905
-3780,3143
-3259,-4501
519,3050
-7034,425
-6159,3956
-5156,9228
-4369,-4796
-9724,6830
-5794,6889
338,9504
-3349,-3595
-956,-6905
-3462,7338
-2433,-5727
-7183,-7406
-2004,-8538
-5081,9227
-602,2985
-8129,2526
-9670,412
107,-9200
-6565,6195
-1553,-2894
-7710,1953
-140,-653
-9417,64
-843,7094
-2122,-1524
-1799,990
576,5774
-3451,4197
-4467,-8681
-2155,8908
-8805,-3518
-1,2669
-4394,6268
61,2892
-5692,-7233
-8075,-1460
-692,-5830
-338,3038
66,6188
-1319,1587
-6511,-2385
-3006,-13
-6314,-8398
-2639,-6073
-6996,-8385
-3183,2704
778,283
-8459,1050
-83,-9717
-6870,6123
-3797,852
-1019,6966
-5443,-4517
-7087,3980
-4824,9579
-2515,-3886
-5903,6900
-376,2669
-3878,-3023
-806,5178
-7882,9218
-2776,-2182
-2492,4536
-2733,-5366
-797,-8401
-1386,1777
-9021,8597
378,2387
-661,-631
-4183,2979
-4323,9183
443,1141
-4798,7968
-8953,337
-733,-979
-726,-5085
-9499,-1276
-1627,4847
-5888,-6340
-3874,3489
-9708,-8693
-4858,1859
-4887,-1113
-7742,4105
-5206,-1400
480,134
-940,-3220
-6688,7329
465,-8331
-9324,-7423
787,-4371
-5602,5797
-2385,-3191
-9467,-3503
-3280,1036
-2270,-3805
-9739,-1150
-147,3652
-176,-3955
-2624,1786
-6060,-8420
-556,-295
-7910,8119
-10000,-1575
-1656,-8584
-9181,-5245
-1569,-7373
-4702,4358
-113,4246
-1942,-9722
-2511,4619
-140,-3244
-7056,-4806
-1456,56
-7483,7851
-8753,3626
-2922,-2614
-3127,7713
-1101,5763
-1697,355
-5179,-6483
-4657,2875
-5886,3523
-2990,7176
-7383,-1523
-6141,2130
862,1661
-938,-8809
-277,-3530
-9574,-7324
556,359
-7404,-9537
-7003,8500
-9022,-6463
-5318,8309
-1943,-8159
-1997,-8648
-7612,-3989
73,9314
-1783,7696
-4303,7379
-6463,5783
-1131,-3064
-7364,-2351
-6175,3449
903,6218
-2575,-5502
-5181,-196
724,6591
-3485,9789
-3404,-1391
-8246,2040
629,189
-9570,8825
-8336,-7244
-3827,5506
-7732,-1011
-7422,8731
-6585,-8050
-3300,1606
-7226,-1207
-3220,-5296
-4609,6179
-5007,3108
-5633,7056
-7007,3353
-155,7546
-7834,9708
-1478,-9567
-9254,1640
-9717,-3780
-7871,5313
-4220,-7459
-86,-799
-1661,-5037
-8775,-9190
-9810,-4471
556,1690
-1038,-4404
-1752,-3492
-9670,2953
-4585,-9766
-2568,-8715
-3216,-5088
-7949,8678
-8252,6141
-531,-2210
-8008,3923
-9465,-55
-2172,4333
-5157,2812
-954,4624
846,-3043
-2084,5130
-5968,-9023
-4491,4903
321,-7824
-8206,3331
-5598,2181
-970,-2310
-35,-2671
-1858,-550
-9814,-3648
-2153,1498
-8856,-493
-8812,6660
-7532,-3636
-6391,-659
-6520,6025
-2881,-5754
-8133,-473
-6333,1259
-9615,-5049
-6971,-8679
-1073,-3058
-9782,-5348
-1187,-3513
-7217,1125
-2248,9379
-4541,-6597
-181,-1791
-2113,841
-9959,7784
-6676,597
-9406,4240
-7583,3985
-7504,-6943
-3712,-4374
-8276,-7180
-9628,1406
-3950,213
-8758,-981
-1026,8042
-4960,-6878
-6991,-147
-9178,922
-2988,-4587
-5672,3296
-4265,4947
-1979,-4468
-7721,-9000
-8625,-9584
-174,9748
-2545,-631
-4040,7001
-6148,-5064
-4312,-3650
-8288,2122
-132,2048
999,-2861
-1326,-606
-7595,2682
-5193,4181
-709,-5202
586,5906
-2698,982
-3677,-2140
-6676,-5339
-9322,8708
-7021,-6292
-7992,-7300
280,-9462
-7347,-7156
-8127,9279
-3117,3531
-3248,478
-4370,9701
-804,-4224
-2799,6723
-3451,1366
118,-9367
-6948,4246
-7518,-7592
-2035,598
32,-8140
-782,2519
-8384,-1665
-1779,5657
-3844,3012
-7135,2668
-9857,8752
-2658,4678
-6478,9275
439,1105
-5924,-8891
-9607,-6340
-4698,-2853
-8261,-3759
-456,2488
-1899,-921
-1701,136
-7402,5806
-4588,-1048
-50,-5465
394,-6967
-1428,-1546
924,-3500
-7779,2672
-5830,-3449
-9342,430
-2058,9406
-7380,-6268
-9362,7756
-5673,-6421
-4382,4488
-3016,-6662
-7540,773
-3356,1076
-9911,-1926
-6681,8378
-5966,-928
-8994,1857
-441,1658
-6647,-3042
-2479,9390
-9167,-4226
-8158,6129
-8463,5683
-204,-2078
-772,-8856
-9718,1164
-7429,-11
-593,3503
-2231,9038
-7159,-5320
-7851,8310
-8343,-5715
-7317,5649
-4181,1797
-8576,2518
-9220,9908
-2377,-1373
-4564,-4572
-1387,-4436
426,-4898
-7379,7371
-1458,1768
-1095,-5157
-9161,-8631
-1681,7200
-5742,5928
-2197,-1379
-4309,-5037
-2762,-2583
659,-4773
-5789,9116
-7337,252
-9366,-9309
-6448,-486
-8501,-1165
-444,-5178
-2592,-9158
289,-3007
-3289,-9328
-4319,-3080
-181,7789
-6017,7693
422,117
-3996,-3434
-7427,-6098
-6667,-7810
-912,914
-1707,-3446
-9684,-160
-3741,-650
-1729,4236
144,-4098
-9880,4983
-4305,3641
-296,6969
-1191,191
-6255,-7365
-4636,-7253
-4959,-5311
583,-165
-5598,7748
-491,4564
-8982,-2626
-7421,2755
-3677,-5090
-4833,-578
-2754,-9252
-5856,-3575
-2608,8807
-2660,-1419
-8831,-6343
-3534,6659
-4324,-340
-5363,2982
-1928,-6363
-3775,3141
-9125,-5969
-9131,-3872
-1138,2403
-3699,-8214
-8631,1123
-9966,8405
-3597,-8090
576,8876
-1587,-2611
-1139,2425
-4100,4916
-6583,1575
-9662,-2715
-6498,-7903
912,4390
773,6681
-9702,2034
-6798,390
-6633,-8987
-6394,-2428
-3845,-7439
-7537,4735
-5613,-3250
-7426,8842
-196,3919
-8076,-87
-9824,-7761
-4342,2384
-7690,-503
-2340,-6718
-8571,-6201
-4856,4795
-4364,-621
-6863,-4663
-4199,-1047
-133,6965
-8275,-5651
-7742,3616
-575,3609
-2524,6408
-8881,8783
-5753,-4822
566,-4851
-7952,-8831
-2021,-2114
-7687,-2772
-7239,-2868
-5226,-818
414,-364
-3227,-6961
-7007,-2990
-5521,4512
-5765,1883
-2401,-2020
-1135,5162
-3610,-3351
-7325,-718
-5991,-8738
-107,-7214
-8792,-7521
-2665,-3770
-7533,675
-8350,-3782
91,3895
-9262,-4871
-6078,-1125
-6173,-6300
-7568,-6614
-415,-8353
-7797,887
-3888,-1083
-4030,1874
-8188,9083
-2818,-1014
-4866,7746
-6907,7533
420,2054
-9995,8939
-7516,3412
-8646,-1479
-2971,7560
284,1969
-5671,996
-8184,-3562
-557,-1988
-6160,1877
-3415,-7314
-5294,9319
-3338,6544
-94,8179
551,-1918
-4571,1104
-1313,610
-7901,5320
-6126,5662
-2664,5849
-8430,2179
527,9845
-9319,-2635
-3541,-1047
-4740,9048
-2324,4762
-9623,4586
-2598,-8469
-5179,-877
961,6491
-4717,-9387
-8590,2892
-7932,4190
-3543,-7394
-8048,-3972
200,8538
767,5200
-2329,-2069
575,2907
-4554,454
-6670,-747
-5054,-2390
227,8828
-8385,7618
468,4777
-1840,5992
-489,9695
-920,-5596
-1944,-5315
-1044,-9359
-4213,-9037
-3313,-4064
-2777,-8079
-2935,-489
-4138,4762
461,-6127
-3000,4695
-4066,-8663
-7397,7112
-7251,-7279
-3015,4982
-7334,4764
-7074,3652
-9132,-6148
-7779,3236
238,9637
-2778,5862
-1559,6129
-4475,-1782
-1504,1597
-7222,3415
-6332,6352
-1183,-4668
-4468,5083
-7602,-3373
-2288,-8132
-2169,4734
-2358,-5731
-9011,-2391
-8502,3033
-9033,-4041
-3315,-577
-8699,-9159
-4655,-3761
-9257,2753
-7160,-9695
-8600,7636
-9234,101
-4222,7838
-9032,-8860
-9217,5408
-5365,-8762
-6487,-7708
-4114,-51
-1081,-5199
-8826,6687
-7332,2170
-7580,-9087
-2459,-4144
-8404,9982
-801,-7592
-3339,263
-5917,1272
-9008,5972
-9680,2794
-2881,-632
-1429,787
-1789,2867
-7532,493
-9383,9490
-9360,-8288
507,-6159
-5729,-7664
391,6224
-1046,-9488
-3866,-6653
-4557,-5068
-1357,-8237
-5032,2052
-7931,610
-6755,-6548
-645,-6132
-1211,-9392
-8964,-9592
-7971,-4899
-8928,-5682
-9835,6971
-6298,-6477
-4893,7583
-8638,-9936
-3378,-1380
922,-7071
-6859,-8839
-2546,1001
-3422,7102
-2670,1714
-8082,4136
-2630,5490
-3183,-9764
-2543,4681
-698,2840
-3043,-1369
-1943,-3099
-9630,3275
-7882,9865
-5303,709
159,281
-8579,6173
-5366,-7445
-2277,-51
-8811,8457
-7269,3369
-5721,7649
-41,-1505
-4316,9626
-7345,-3367
-6100,8354
-2866,-5504
-144,6722
-1860,8506
-782,7347
873,9556
-7767,-4119
-925,-7622
-1994,-8851
-4668,131
-5522,6217
-5372,5835
-340,1373
-1570,-6952
-4135,9838
-6239,1981
-5181,7198
-4619,2716
-473,2743
-5176,-9114
-5563,-6848
-3867,127
271,-4142
-8825,-6275
-6187,1988
-3689,-3025
-2488,4547
-4848,1627
-6536,2238
-1453,-9217
357,-7683
-2788,-7816
-6241,-1423
96,-9535
-4190,-5082
97,-3245
-9047,-4330
-3888,-2325
-763,-329
-5554,8138
-8965,-3788
-7273,-3690
-9256,3290
-5948,-9219
-7095,9705
-1829,5529
-8397,6666
-5564,6415
-1181,8831
-9150,-1422
60,9461
-5035,-1787
-2557,5879
-9984,3517
-4528,-1347
-6884,1092
-3429,2977
-5752,-4102
-191,-5550
-7461,3222
-4470,5601
-8808,-8437
-2177,7673
-2059,9733
-8939,-5460
-2656,-5453
-4527,-6424
-4027,-7650
-6913,-3768
-3888,-7209
-6581,-6394
-6052,208
-9869,-3377
-6881,64
-3913,-7601
-1734,-2390
-6250,7500
464,9591
-7930,-2002
-9782,-5985
-9392,1787
-2724,-8473
-8035,-575
-3896,-3195
-6175,-5203
-5979,2367
-6637,3448
-7701,-143
-2747,8897
-1850,2061
-8041,3414
-3891,3644
-3302,8140
-4458,-5821
-3020,3758
-2249,1569
-6033,-3887
-8149,468
-4267,3750
-5664,-68
-2667,-9175
-7327,-5129
-9301,-2217
-2587,-4405
-1737,1148
-9629,1411
-7236,1770
-2257,-6448
-1397,-8218
-1802,-8527
-2861,6716
-3342,7854
-1033,3090
-3150,2589
-3291,-454
-8278,-7417
-1161,8417
-8470,-3355
-4785,-6779
-9019,1444
-7365,-7612
-9144,3463
627,-5777
-1915,-2836
-8565,-6787
452,3783
-7327,9372
-5443,-7702
-6459,1346
-7908,-1242
-5192,5154
-1623,-3605
-5934,-8390
-4997,-4789
-4684,2696
-6280,-4771
718,-3619
-3189,-2434
-833,-5302
-2901,4145
-5977,4503
428,935
-2782,-1581
-8811,4570
-5581,805
-9235,-6189
-9334,-7296
-150,-2549
-9036,4726
-9921,7279
-3507,-9597
-3214,6652
-3075,3786
-8633,-7958
-2868,-3586
-2276,-986
-4213,9814
-1565,5655
-1311,-9725
557,9889
-2898,-8386
-9855,-600
224,-2374
-6647,5260
-6385,7929
-3267,-1165
39,-9445
-9794,6245
-3670,-4911
-9495,-8559
-6025,8815
-5547,-212
-6061,-2849
867,5849
-9782,-3246
-3422,-6556
-8630,3698
-6524,-791
-3907,9268
-4039,-2638
-1119,2505
-106,-5987
-3771,2707
-1607,-2948
-1902,9524
-9125,-2251
-9765,-6303
-4622,3754
-8341,5334
-2238,8083
-6,1860
440,-3449
-3453,-8539
-3461,1754
829,816
-673,3712
-6484,4040
-6561,-3952
-5533,-3569
-1034,-9277
-4095,8311
-9141,-7876
-19,729
-3578,-3006
-8506,735
-7141,7016
-5972,603
-478,-8083
-8987,-7109
-3399,8255
173,340
-6233,-1541
-1459,-1829
-2315,2415
-9930,-269
-9173,2817
-5518,6848
-237,-6584
-7408,5818
-6250,-1672
-1486,61
-5206,3451
-4452,8957
141,-9349
-5772,-4425
-871,-964
-3640,-9821
-9324,-6618
216,7750
-7518,-2400
-7639,-8605
-8039,8856
-2725,-4463
-7039,-1153
768,-5720
-5290,-4047
-6502,-4267
-7549,-5422
-3697,-2419
-1667,8372
-2517,2527
-1055,4053
-2301,3809
-7365,-4923
-7327,-2836
-4116,7206
-3463,6148
-569,1356
-6081,-6769
-5776,-5692
-3934,-5848
-3751,4144
-2415,-5525
-2501,5648
-2679,-3312
-427,-5987
744,-491
-6348,8302
513,243
-3640,158
-8788,-4621
-9946,9829
-9175,7385
-7729,5858
-8039,382
-5172,-2246
-7287,-5700
-4372,-166
-6148,2147
-5916,1017
-476,-2487
-8110,-4167
-9011,-6883
-1713,3244
-706,-580
-4842,-398
-2211,-3875
-6492,-6207
-6867,9191
-482,3326
-5833,1026
-7270,-4249
-4046,-21
843,1011
48,1921
-284,7569
-9025,-4260
-6144,4717
-5592,-4227
-8348,-1487
-2961,-2976
-5342,4904
-16,2223
-5213,-1059
-3542,-7024
-2625,-4797
-421,8127
-252,5934
-1272,-5066
-5247,5118
-985,7624
-9106,6683
-9149,-3059
-1382,1980
-4557,-425
-1776,5058
-968,-7004
-6552,4993
-3952,-9300
213,-225
-9868,-4582
-9776,-6923
-3406,5048
-9528,5331
-1880,8259
-1245,95
-3242,8669
-8258,2109
-6586,7745
-6427,2571
-8253,-4559
-3552,-8605
-4949,3115
-6549,8740
-3157,282
-320,-8374
-3283,-3575
-2302,1817
-6856,1330
-9536,6361
-1155,9685
-2619,-9989
-7639,8388
-72,3674
-4588,-3813
-8387,4669
-8532,2733
-7513,9401
-4338,4281
-360,-5421
-8205,-9509
-9314,1954
-7789,-7137
-612,5555
-1999,6353
-6990,582
-9845,-3216
-6910,-6666
-3804,-7936
-6119,-5802
-5001,-3969
477,3735
-2094,-2993
-1871,9574
-9763,4626
-3998,-7118
-6899,-4044
-6467,-4373
-166,5154
-4640,-5562
-8751,-8104
-9950,2813
-8513,5208
-5641,6611
-8533,-2569
-5133,3189
-1371,2033
-9670,5660
-6143,957
-8150,431
-6421,-8901
-9802,-4410
-8698,6793
-6471,-9399
-1227,437
-877,-5897
-52,-2003
-1758,-638
-772,-1870
-8353,-8137
-2623,2283
-908,-1797
-550,-7178
-1728,-1039
-3379,-1127
-8489,1017
-3012,-9193
-2400,2098
96,542
-2300,-8640
-9184,8732
-7512,-5719
-9162,4050
-3553,-3367
-882,4129
-8392,197
300,-5567
-7881,1228
-7959,-6095
-2350,-1222
346,-9208
-9270,8358
109,6314
-9756,-7461
-5520,-3338
-5829,9108
-7304,-8100
628,1
-6062,6988
-8834,8422
-3174,1577
-7108,-2750
-3266,-1219
-3280,4492
998,8166
-4507,858
35,6382
-8807,3580
-7263,2808
461,8133
178,-1194
-9309,-7575
-4624,3832
147,-1726
-4682,2687
-2662,-5587
-548,-1233
-8169,8625
-3027,1315
-8229,7776
-6554,1082
-8611,1813
302,4047
-777,-3395
-3756,7462
-1448,-4717
-9254,5186
-6474,1028
-5524,-1964
-9416,-5199
-1371,-9074
-674,2898
-2922,5942
-6634,-137
-5557,6582
-4332,-4982
-475,4368
-7643,-1456
-7331,9774
-1952,335
-1629,9719
-4992,5929
-7436,-9634
-7542,-953
161,-6379
-9120,-3151
-1950,-5473
-6904,-8007
-8786,6722
-9379,-3721
-9187,3035
-4248,7023
-8211,7052
-1518,-4305
-6971,-9744
-2480,7188
282,-8113
-7813,-7539
-6445,2317
842,-4809
-485,1501
-6617,871
-8054,-9036
-7132,358
-2736,-328
-48,6518
-6928,-3690
-3343,4403
-2988,1330
-7425,1333
-1053,9401
-6549,-5006
-7660,9971
-6750,6176
-3851,-1675
-5877,-5000
-8084,-1934
-7888,-8298
-959,-7118
-516,-3331
-1169,-9926
-2118,2455
-9114,-2325
-8395,-7974
654,-7801
-4271,1735
-3127,-6291
-8875,2540
-3443,902
-8268,-7800
-8148,-7624
63,7278
-1926,824
808,963
-5693,6492
-4611,226
-9169,6446
-9488,-4737
-6748,5949
-7777,4649
-6619,-7186
436,6024
-4660,-4496
-9757,5
889,7436
-5229,-4887
-4818,-2117
-2925,6398
-871,-2959
-7245,4466
-4092,-6664
-2868,-8743
-1283,-5448
-1835,4434
-3355,6353
-7765,-542
-5088,-21
-9308,861
344,-4027
-5256,7171
-1331,9450
-2844,-4378
-35,-3647
-7436,6762
-9252,7075
-5372,-1306
-2032,-8184
-2228,-9401
-5196,8858
-5842,4723
-8017,-6357
-7963,8042
-7992,-8285
-724,-1239
-2871,4305
-6456,-9847
-3,-8990
-6254,8900
-986,-5904
-9763,-6729
-8281,6098
-7048,-5469
-2957,-6959
-9591,-114
-4159,-2150
-3137,5926
637,-9457
-9790,-6618
-2365,-456
-2575,9041
-134,-8904
-5625,-1382
-957,3034
-8598,-4282
-3955,-7702
-1550,-6998
-6113,6048
-9437,-4530
-3583,-41
-9977,5843
-505,3131
-3517,8944
-110,-9663
-5804,-904
-3267,-9967
-5506,6040
-7039,-5794
-7575,-7524
-4218,5238
352,6193
782,-2284
-4961,2885
-8545,6803
-9544,-1397
-3546,4573
-8918,1178
-3214,6978
-4169,5493
-7844,2052
-487,7238
-3319,6575
-9504,99
-7031,-4634
-3974,3634
-6729,-7144
-7104,5385
-7971,-5966
-56,-5042
-2700,-6898
-8652,1853
-3395,-4375
-5833,-4760
-7617,977
-2593,-4136
-9595,7101
-1636,2930
-1093,7736
-501,-5259
-1803,9109
-7393,-9248
668,-8282
-3691,9744
-9610,-7929
-9550,1255
281,-2955
-6917,3048
-5596,7997
600,1279
-511,-4305
-6353,-2242
-413,3920
-5511,-6911
-7280,-5105
-4918,-7853
-3205,7983
-4718,7306
-9447,9027
-8805,-5523
-4747,9721
-377,-9130
-7902,4461
-5824,-1934
-8595,8126
-8789,6052
-6107,2493
-4582,9386
736,-6751
-9172,-6376
-4773,-1800
-3397,-4223
-3059,-7208
-7991,-2764
-9136,-5740
-4832,8098
-7874,-9270
-1571,6525
-9852,-2216
-5568,1628
-8515,-8049
-4309,-196
478,9088
-2244,-1759
-3759,-1421
713,9082
-8352,-6281
-321,3042
-9416,884
-8161,5666
-7136,-7877
-3266,6963
-3708,-3137
335,-6558
-2078,-4355
-2417,9069
-2632,-6538
-3972,3049
-8736,-9219
-3701,6022
-2662,1836
-8179,-1110
-4396,2545
-1211,-8518
-4200,8646
-1080,9912
-1598,5758
-4078,4421
301,7963
-111,4071
-9535,1533
-6944,7910
-8382,-5163
-9590,8337
-3216,-809
-2383,-4546
463,1518
-4942,-9490
-9853,-9847
-8385,2286
-9639,4755
-5991,-8902
-4428,8225
-353,8860
-3005,932
-2153,2290
-2332,9182
-936,-402
-1529,5425
-8966,6102
-4015,1139
-694,6092
-5404,7838
-3842,-9752
-8881,-4989
-4678,2850
-5441,-9665
-4628,-4884
-2502,-4826
-1126,7323
-9493,3772
918,-3706
-5785,-4605
762,9286
-4293,4078
-5378,-7330
-5640,5971
852,-4331
-6356,-8737
-7796,862
-8738,-4444
-6471,-4391
-4226,-1074
-8737,-7694
-8625,7699
-4425,7206
-6039,3144
-6648,-3642
-8169,7568
-804,117
826,-2385
-4812,-4820
-2344,-4259
-9391,8540
-9419,-4649
-3376,4115
-7116,8303
-8143,2391
-5998,5251
-6571,-4336
-7697,3531
-279,-3901
-9974,-2068
211,-7752
-2881,-3094
903,4861
-2072,-2758
-2129,-8637
-2186,181
437,2374
-4438,-4312
-9290,8363
-4908,2568
-4474,-8607
-7930,2851
-3975,5066
-5153,306
-9571,3475
-2416,8075
-7174,4543
-1940,8211
-2686,-9022
-1232,-1743
371,4361
-8812,61
-7306,-6985
-5794,-4169
-1157,6505
-5054,-1100
-8181,1435
-3184,5106
-1854,9892
-4446,7181
-9105,9596
-97,-1397
-4823,8319
-2367,-1102
-7553,-4119
280,-4039
-3372,-7488
-9055,6171
278,-782
-8546,-7000
-9239,723
-1757,9653
717,7080
-5238,5940
-9311,-446
-3500,-6081
-5630,7074
-2187,7854
-9180,-69
-3325,104
-9485,-746
-9310,3094
-6314,-9586
-2914,6674
-719,7451
-1657,-8290
-2866,5004
-2206,-5774
-7072,1037
890,2157
-965,-9335
-5854,2924
-773,2472
-5755,-5319
-5457,-9383
-8308,-5669
-5039,7212
-8076,-9365
-2602,-9514
-3991,2918
-8547,-1545
-8757,-7426
-3587,-5672
-5660,7244
-2153,6477
-2982,6400
-3475,-7077
-7545,-8551
285,-9421
-3029,-1104
-4649,-452
-4197,2350
-2785,4719
-5752,8381
-1282,-5956
990,-2852
-796,4682
-9977,-19
-5494,-1061
-3212,8840
-9841,6637
631,5266
-5263,6237
-1856,393
-290,3175
-942,694
-9714,2888
-7983,-7835
-2714,3236
-9149,8880
-9860,-8189
-9808,-4041
-4566,2199
-4513,-7764
-7135,3513
-1746,9515
-8524,-4719
-8091,6407
-6419,9267
-6920,5984
-4592,5062
-8368,2384
-2006,-3231
-5388,6308
-9435,9455
-279,-7096
-7877,-527
-8333,-1509
-9748,898
-3729,6818
-1497,-6826
-977,-1032
-8495,4443
256,-7581
-4932,-2558
404,5346
-6369,-809
-5521,34
-2642,8971
-5096,9424
-6490,211
-7010,-1591
-5801,-8151
-124,-7059
-7194,-1904
19,6450
-4522,758
-4102,6004
-7685,-8846
-2020,1962
-2934,3212
-4273,8596
-2440,-6500
-5220,4720
-9530,1002
-5376,-7700
-3754,-5291
-2602,-5450
-459,-4369
734,-304
-1228,8677
-8226,-1601
-796,2813
-2004,-1374
-1411,-328
-4123,3199
-1076,4023
885,6585
-2673,-8551
-5965,-2786
-1506,-6654
-4760,5245
-5888,-8712
-8540,-8108
-7153,-6553
-1354,6440
-2455,4164
-3162,5422
-4780,9551
-2832,-1146
-1707,8241
-3737,8935
-1172,-3835
-2341,-5643
-2752,627
-4648,-2065
-7493,-2537
-2123,2629
-4351,1377
-8186,5095
-3173,6613
-3530,825
-8262,9970
-9347,6403
-3102,3408
-9950,8676
-8635,5698
-8443,-3226
-7960,-3653
-7436,-2580
-7322,5038
-1657,-2616
-3881,7309
-3878,2058
-5995,7987
-849,4371
-8613,29
-2803,2280
-7622,882
-3543,8641
-8438,-8188
-3681,-7391
-5287,3663
-9979,-3488
-4549,-34
-1740,-733
-8866,-883
-380,-7091
-5808,-9560
-8045,-1649
-9745,-365
-8150,4956
-4619,-5181
-2227,5975
-1121,9
-1452,-8403
72,-4401
-4190,-3329
-1338,2235
-8015,-4744
-5575,3569
-4432,4413
-8317,-5516
-6989,-8638
-7079,-3251
-9547,3225
-7332,8804
-6259,-1947
-9420,-405
-1654,4173
-2814,-2149
-2269,-1364
-1951,-2827
-9264,-4955
-6912,-8854
-6001,595
-738,375
620,-8258
-7101,6664
-5736,8907
-874,8542
-3556,-9525
-6768,-8757
-8446,-7501
-444,-1479
-2560,-9461
818,9418
-8382,-8832
-8553,9851
-4660,-1452
-1509,4546
-6999,-3787
-2002,7158
-2846,-5685
-2457,-3699
990,6027
-6957,-9856
-726,-5719
-6745,2507
-5138,3434
-4374,1521
-8532,1975
-8575,7709
-9026,5389
-6928,-4125
-9574,-2030
-3710,-1596
-4420,834
14,-8400
-4808,-3225
302,-2362
-829,3079
188,6135
-6634,9367
-7956,2761
-5587,-8434
-9784,-1289
-4398,5044
-1868,2646
-1304,-6823
-6857,2098
-7673,-8766
-2422,7094
-4908,-7555
-504,3595
-9870,982
-294,8792
-5583,-5181
-1978,-4536
-1295,-8550
-4397,-6839
-701,2274
-8404,-1264
-2556,38
-8482,9081
-7393,-9018
-3440,7980
-6034,-5656
94,-1060
-6083,8556
-1694,7146
-5957,-7107
-4544,1990
-555,9122
-6780,-9579
-7887,-331
-8478,4270
-6996,8011
-7439,-3266
-1175,-8462
-5035,-7157
-5778,5721
-7001,-1578
-804,3464
-9805,-7303
-9605,8081
-8065,7024
-2697,3198
-8877,4661
-3156,906
-3439,8099
-9071,-6228
-4237,-3940
-1140,-403
-6349,-4602
-4838,3643
-4302,560
-79,-9578
-8719,1746
-7124,-2745
-1195,3954
-4734,-3439
-909,-9373
-21,5439
-9936,2376
976,8605
-4389,8343
-7530,7875
-5054,-2888
-6321,-8244
-9082,6476
-6579,-5339
-3796,235
-9781,512
-7896,5222
-9126,-728
-1936,-5653
-6931,-8881
-5254,-826
-5974,4356
-5637,-5596
-4506,-3328
941,-8525
667,8031
-8060,2822
-7080,-2452
-6242,-5451
638,3636
-5779,-7232
-9974,-7427
-1646,6548
-965,-6544
-4209,-9434
-4062,5233
-7968,3037
-9919,7119
927,9356
-3382,2391
-4836,6301
-6635,2723
-8299,-1911
501,9744
-664,8419
735,1741
-3022,-236
-2000,1967
-1710,6657
-5213,-3967
463,4426
-7117,4057
-3046,4780
-8829,1158
-8790,6149
-4032,-5755
-8382,-7785
-9849,-8237
-3799,2790
-344,-5251
-4378,315
-9249,-717
-562,2283
-101,4699
-2620,-3406
-9468,-6783
-4589,953
-3890,-9492
-1925,-2858
-7100,-3252
-9699,5875
-7709,1904
-4203,-4633
-8339,-940
67,-9216
-5241,9815
-6746,2
-4137,-6198
654,8584
-5979,-5499
-3756,2057
-3668,-8332
-9744,-5289
-6107,-9042
-4458,-3967
-8151,-7578
-513,-3591
-4623,-4134
-433,-1073
-4100,-3639
-1576,4411
-7236,3746
-2829,9274
-8571,-4329
-9570,9168
-3893,-3024
-5522,-3380
-8689,5692
-6510,-3959
-7403,-2782
-1671,-9776
-3075,-7434
-8126,-6661
-8363,2376
-3362,-1771
-5561,-9002
-4484,2525
-2092,-2751
-3023,-4855
-6827,-8867
-7783,-954
-9591,-1151
-2817,3422
-2184,-6433
-6820,1875
610,-6450
-488,2535
-3787,2306
-9518,4446
-7366,-1059
-2107,-805
-9365,-8097
-8302,-3289
-8373,4889
-9524,-5647
-7679,2848
-9396,-7281
-6269,-3844
-6111,5666
139,3296
-2877,-7176
-5400,-5580
-7179,-5110
-4804,-5426
-4291,3334
-9715,-9473
-2735,-5657
-4629,-503
-6785,-2464
-1219,-3186
-8592,-7208
-9448,-1180
-6373,-8210
-6651,-2459
-3974,62
-2603,-6973
-3013,-8804
-1085,3769
-1283,8509
999,-7300
709,6614
-9701,-4464
-9948,7484
-3125,3031
-2010,5194
-1546,-7100
-6638,-96
-3901,2350
-1439,-5528
322,-4448
-9811,-8235
729,6189
-6432,-3772
-9809,5025
-3451,804
-2112,-334
-10,-8942
-7658,5045
-5500,-9411
-2344,-9139
-6795,4777
-350,-6977
-8299,15
-5952,1441
-165,-2271
-2976,3984
-8402,-3958
-8157,-9407
965,-7052
-8656,-5617
-9656,-6364
-7850,-2541
-9962,-161
-4957,-8046
-2309,5712
-4379,-9936
422,4194
-732,5282
-555,-1625
-4397,-895
-2243,4827
129,-7717
-6287,-4221
-2064,4835
-9130,1903
938,6600
-1942,159
-4430,-3261
87,-3967
-9874,6091
-1761,-6344
-9257,9795
-1923,7512
-5854,-4238
926,622
239,-9581
-8678,-7043
-3413,4227
-3965,-6877
-1692,-7689
-9743,-8422
-9824,-1232
-8673,-4262
-1054,5671
-5307,5083
-7621,-6301
-6301,7577
-2111,-6006
-1593,-7152
-2722,1651
-2436,-3865
-1624,601
-5401,-1175
-2600,-916
-4346,-3026
-8646,-8286
-2656,2616
-728,-9877
-4029,2041
-1094,9058
-8066,8306
-4058,6655
-1221,6166
-1968,-9335
976,-8914
-6738,-4919
-8509,-3563
-1549,-6758
-584,-2845
-3370,9756
-5896,-4569
-7746,-1337
-9497,5678
-1860,8893
-6294,-8448
-3307,-4168
-2436,-5591
946,-4061
-3484,6357
-8490,1317
-3892,3733
-3012,-7913
-6296,-9666
-2069,-7497
-3712,-944
-7625,1621
-3748,2324
-3020,-3349
-1036,9215
-8175,8009
-1207,3380
-8673,-1522
-7837,9221
-6819,5779
-8296,8185
-990,-319
-1842,-2039
501,-413
-8771,-9563
-4044,-4650
-5772,-620
-4488,-2564
-4562,-7656
-1239,9936
-5367,880
-2861,2324
-9941,-5929
-4979,-4473
-5632,3561
-1878,-6062
-7403,8358
-8155,-9279
-197,-4753
-1314,-7121
952,3726
-541,-7654
-969,7858
-9587,-6123
-6934,6615
753,348
-4982,9796
790,5634
-4140,3374
-9678,-8601
-3689,2970
-4028,3493
-2555,-6720
-5403,-1206
-594,971
-1759,5760
-844,2557
-7685,-5177
-3257,-9009
-1878,2244
-2619,-427
-6074,626
-7268,-2944
-2274,151
-2456,9597
-7190,1074
-3612,8156
664,-8304
-8986,-1109
-2,-5666
-8948,-1568
195,5753
-6515,-7595
-7727,-3967
62,-9714
-5134,6348
-4599,3574
-9129,-8457
-7613,-2105
-2385,-3401
723,7081
-3422,6701
-1470,-6222
-7189,4919
-9301,-8149
-4301,-6652
-4583,3827
-5241,1824
-9729,-5348
-9200,6093
-4536,-6733
-3325,-6382
-7956,-8834
-5011,-4307
-981,-7906
-2403,8645
-5007,-6732
-5386,-8261
-5138,8896
-5385,1502
-4199,-700
464,-2819
-1696,231
-4277,-905
-185,-2955
-6011,7950
-1974,4356
-3024,5146
-6655,-1263
-2682,474
-4745,6185
-6052,-9338
519,8964
-7200,8928
-5788,6571
-5967,2568
-6542,7258
-4574,3343
-5498,1601
-5518,643
-2505,2724
-4845,-7192
-9504,3106
-9052,2728
-6020,4179
-4090,-9566
-8228,-7189
-2353,-2882
-9457,-6533
-2601,-3392
247,-1225
-9587,3451
-8148,7601
-124,2012
-8121,-572
-801,1703
-163,8813
-6506,7392
-2466,7732
-3379,-8928
-2279,-6776
-2689,-7545
-9674,-5272
-6196,5296
-1065,-7105
-676,-192
-5420,-4953
-8433,-3272
-1455,-6323
-4230,-3573
-9610,3061
-7224,9
-1004,1812
195,-2983
-1393,572
-3043,7941
-8940,-7499
-9680,1263
-408,-4987
-9299,-2238
-46,-1902
-9147,-2077
734,-833
-6734,-4122
911,8147
-1639,-5763
-839,-8265
-4409,9483
-2744,6077
-3691,-4905
-2632,6142
-8959,2300
-5398,316
-9414,3165
-9641,-4442
-7016,-9962
-4948,-8006
-9947,-6611
-7214,9572
-9716,-408
-6119,-7835
-1699,-776
-4599,3919
778,-2638
-1051,7340
-2439,2911
-5220,-8993
-7043,-3383
-2323,-3006
-5317,-8938
102,-9170
-3129,-7375
-7103,-8103
-2047,-5629
-4372,-3974
-8144,-8703
300,6792
-7480,1279
-7059,-7040
11,1026
271,261
-9270,6899
152,-5406
-5587,4464
-213,3755
-2865,-9604
155,8162
-825,7159
-6274,-2251
-5988,-7096
-6968,8964
-4367,-7946
-7510,-2368
-6527,8502
-3169,9103
-3393,-9985
-6957,5485
-5732,-8519
-1432,-5588
-6291,-2188
-4201,1148
-1391,5429
-9913,-347
-9428,4331
-9731,-8303
-1317,704
-8847,8871
-939,8651
-2632,-8430
-8039,6626
-861,-6784
-1622,4236
-7692,-7386
-8748,-6955
-608,5857
-5255,2331
-1211,5207
-1443,-3419
-2383,7772
378,-7693
-8932,8976
-5599,4080
-2516,-730
-8002,-4924
-1765,-5024
-2666,9734
-7105,-4874
-6984,-2769
-6939,-1899
-3955,-8503
355,196
-5459,-3161
-9063,3041
-3761,1614
-5389,-2710
-9531,3121
-4050,5560
-5462,-7142
-9756,-378
953,-7164
-6594,-3153
-901,-8986
-4267,1909
-7171,6570
-8364,7294
-1997,-6341
-6578,-2983
-8075,2652
896,-8321
-3323,-3050
-86,4436
-8351,7946
-3753,876
-4029,-636
-1130,9130
-3326,4656
-6235,5988
-8283,-8026
-3359,-7582
-7108,-6911
-8787,5861
-1237,1518
-1412,-8795
-9804,-2912
-5564,-9069
-2552,-9760
-2319,-7619
-9911,-6143
-2117,4464
-5281,-8718
-8114,-2121
-8355,-276
-9084,417
-8481,-9941
-5055,-3519
-685,-2054
-9718,9967
-2655,3399
-7486,5324
-1800,2261
-3133,4802
-4634,240
-6931,2186
-7357,9468
-1505,-2297
-4797,7526
-2369,3216
-7706,-7684
959,3660
582,6360
15,9397
-28,8631
-5464,7710
-1104,-2839
-4428,2065
-2925,-9119
-9736,-1071
-4006,-2997
-2694,2782
170,1245
-3931,-2281
106,2342
-9274,-998
-4247,-9788
-3597,-6873
-9051,8210
-57,-7133
-2459,-835
-5588,951
-2044,-168
-6051,5624
-5062,3558
-3121,2786
-959,-3212
-3052,9118
-2223,2217
-8325,5411
-3032,6997
-5073,2936
-4670,-9049
-2246,8216
808,-4485
-9298,2158
-9536,-752
-4887,9471
-7583,-5064
-8886,-5913
-2150,1352
-9228,-2885
-4754,-1073
-2130,-7954
-9315,-3100
-4588,8367
-4670,-3816
-9818,-1617
-7172,9770
-9638,8609
-8204,-1799
-3736,-7590
-3430,-6060
-1821,-840
-5164,-2931
-1889,735
-3659,-8275
-1197,4222
-2747,-6111
-7091,9201
-8238,7665
-1772,6143
-6229,945
-3978,-7357
-1659,785
-6882,-4056
476,-4241
-8735,-6931
-1248,-2292
942,5128
-4151,-420
-2449,-2681
-2120,7831
-8687,-5551
-5189,-6707
-8284,9387
-5091,-9962
-4409,-4169
-7128,-4506
-8605,-8649
-7113,6208
-8294,3919
-8755,-3166
-724,3208
812,-4514
174,-1039
-3597,8680
-7377,-1056
-9921,2987
-4840,2807
-8932,-7113
-4568,5121
-816,7669
-143,-5
-5412,-5797
-2589,-6897
-1992,-2950
-9358,-8356
-2054,-6252
-8490,-8654
-917,1612
-6025,-7335
-7074,4182
-2373,9041
-6995,-1395
-7418,8947
-8510,-637
-9595,695
-9512,-3757
791,9487
-6693,-3054
-5000,-3439
-6574,-1788
-8773,-7150
-7977,715
-7461,3437
-3311,379
-5850,-7710
-5633,-2264
-6786,9724
-9576,-7295
686,2027
-5469,950
-4106,8272
-4848,5171
-9053,6743
-7310,-2543
-1562,-1410
-8798,6818
-2897,2804
89,6859
-4146,-8291
-3607,-946
-4827,8114
-1535,6628
-3123,-9659
-7453,-7286
-348,-5822
-9325,83
416,-4144
-786,-837
-9661,9495
-4771,-1861
-4045,6780
-5932,9528
-7916,4744
-6381,-6954
36,9927
-1607,-6678
-2350,-7252
-5640,-9394
-9508,-463
-6583,3565
-7892,-4645
-9235,-4610
-2337,8829
-6235,4877
-7870,-6925
-7450,-3052
-8807,-9713
-5212,-6902
-8827,6705
-990,5298
-6944,7598
284,3444
-9288,4979
-6383,-8440
-6314,1027
-8544,-3698
-3213,-5092
-7227,-5317
-1770,8760
-4776,1102
-2796,-3216
-3277,865
-6460,-2246
-3594,2971
-8442,-2125
-3775,6594
-5697,3319
-9859,-818
-4797,-5875
-6713,-232
-1720,3840
-1830,-4367
-6517,-4536
-5688,-4497
-3598,9448
-11,8482
-3531,3440
-3104,-1403
-9406,8034
-2722,7952
-3197,8177
101,-278
-7075,6246
-4742,-900
-8840,-4355
-1201,1345
-3338,7084
-804,-6471
-7590,8131
-8399,-1443
-2441,8334
406,4653
-2726,8408
-9232,-124
-8684,810
-6120,-1811
-6344,-9103
-4520,-2289
-8994,5758
-7251,2276
-9871,9030
-2228,-2457
-3893,1066
-6141,3532
-2501,3537
-4187,-9527
-4064,-4719
-2816,2578
-1683,-5492
-9969,-477
-8367,3671
-545,-6986
-4238,1238
-823,3412
-8235,-8989
-7125,8840
-7380,-9266
-877,7151
-948,-2594
-5815,1100
-958,-1226
-6537,-9608
-7398,2130
-688,-3946
-4676,176
-2230,-4731
-5061,9900
-3615,-1554
-1661,5348
-6111,-3331
-7929,-6726
-1584,-5171
-4740,-1704
-2018,8028
-9523,4685
-4445,8318
-9309,5718
419,9389
-4807,440
-3184,6653
-1142,-8503
-2468,-7762
-5585,7310
-6848,5371
601,-9441
-9530,3471
-5449,-7257
-3128,-9545
973,-8600
-2740,-5550
-5055,9435
-6027,997
91,661
-2930,4812
-4192,-3515
-5907,-7701
-4341,-3335
-7047,1186
-4759,8736
-670,2911
-1993,9867
-5612,1613
-4206,6253
-6281,3498
-9133,-4926
-9634,-6410
941,-2869
-5310,-8921
-7780,-8457
347,9209
-220,-3811
-9037,6467
-805,-2842
-722,-7546
-6020,8039
-5599,-226
-4095,5740
-9466,8475
-6684,-7823
-5567,9769
-8158,3337
-3357,-4085
-9027,4066
-1728,-3162
-3036,3104
-2737,1337
-1159,-1723
-4003,-8277
-1930,-7982
-8034,7325
-7667,6951
-1582,-4738
-6157,-2778
-6712,7069
-7792,5398
-3078,-359
-4090,-285
-8812,3093
-4676,-5373
-8638,-7961
-3794,-7788
-9883,-6225
-894,-2656
-663,5637
-7871,-2782
-2618,-7605
-2129,1891
-7263,9185
-7214,-803
-537,5144
-853,2177
-2867,-4706
-3524,-5581
-8905,-8552
-6129,4051
-2573,-2514
-5666,-9833
-8711,4255
-9724,9619
-982,-714
-8346,-7397
-9559,404
-5192,-9185
-2414,1453
-8112,-4235
-5330,-5681
-2047,2261
-7448,4028
-5857,2045
-5561,-8839
-7567,-8011
-623,5982
-5616,2605
-776,-7218
-462,-2174
-9269,8129
-9749,3903
340,-2275
-918,7200
-1879,-2140
-7525,7666
-1487,518
-1010,4663
-5906,-6890
75,1477
-3679,-742
-2585,5198
742,-4771
-1872,-7398
-5299,9759
-7606,-1264
-3086,-2772
-9517,-5772
482,9257
-8391,-9590
-6446,1898
-4554,-8071
-203,7137
173,2442
-222,6226
-9172,-5585
-4040,-830
813,5633
-9025,-4115
-5733,3266
-6979,4374
-2763,-8414
-5143,4377
10,3196
-6865,8093
-6798,8864
-3879,1829
-6635,6508
-1090,-6843
-6478,-7085
-8255,-302
-4154,-6592
-4047,-4046
215,2131
-4168,-1485
-5085,-3767
-3837,2231
698,-7173
-8203,6637
-6755,-6083
-2304,8123
-7535,2983
-6415,2007
-8668,-9200
-5610,341
-2733,-9355
-2841,3835
-4979,4858
-4233,7152
-1480,-1561
-6595,8402
-9674,9652
-6957,-7705
-6397,-961
-5678,-9812
-4018,3834
-2024,-4119
-4214,2818
-3992,3941
-1057,2089
-4956,4438
-7158,8437
-8248,-5008
-4730,5186
-3786,255
-2995,-574
890,-8048
-225,-635
-5070,8617
-115,3476
-4132,-1831
-2741,-5642
508,3562
-8472,-1706
-5080,-6509
-7077,444
513,4650
-6501,6647
-744,-3593
-8181,2908
-4949,-8797
-1247,-952
-6829,3791
626,-7711
-9173,-2399
-9477,6171
-9465,-3558
-5650,855
-6241,4931
-1385,-3290
-290,8741
-6990,4267
-6709,-8425
-2596,1438
-285,-2958
-5430,1036
-8799,9505
-3975,2844
-1492,-7372
-7141,-4307
-9333,-3468
427,-5957
-2825,849
-2171,4800
-3635,-9482
-7555,5687
-7289,1182
-6942,-3941
-7275,-2944
-4665,-7826
-147,6502
-1890,-5418
-7371,-2788
161,-510
-3919,515
-873,7851
-7587,-9659
-4002,-3563
-5736,2531
-8589,-8043
-1613,5705
-3940,-7572
-5507,4867
-7970,4241
-9260,2506
-9064,-8596
-2790,535
-2845,-7969
-4038,-7496
-5804,3231
-2995,-8064
-4024,832
862,-2248
-117,-7568
-1362,-5389
-5972,9081
228,-4480
-3991,-7926
-2427,760
-6678,9775
683,5623
-1427,-9540
-1314,6376
-1706,-919
-1180,9145
-6056,-7337
-3682,-2066
-4100,-2511
-1424,-7855
-7732,2638
-1580,6119
525,-782
413,-2403
-7945,5076
-4621,1761
-4421,-2086
-7409,-7378
-4384,-8831
-5092,2335
-1439,-9863
-6696,-4988
-7442,-3251
-5514,-4398
-1506,-4832
-3182,9909
-2098,179
-3184,929
-5312,-701
-3103,-7194
459,15
-5598,3746
-1821,7575
-3421,3568
805,5888
-5454,2622
-5086,5588
-8575,-8100
-1371,-2810
-1630,848
-1094,-5677
973,-1081
-4740,-4892
-7372,3814
443,9040
-6172,2270
-5367,30
-3400,4702
-184,3816
-1645,3234
-7662,-5284
258,1834
-2525,476
-5244,-3707
-7729,3429
-5009,5452
-3364,-9556
-6217,-3605
-6701,-7420
-3835,9882
-8399,-3395
-9565,-1590
-2636,-1658
-1952,9754
-6388,2675
-3436,8585
-3976,5370
-6463,-8026
554,8151
-6332,-9532
760,2255
-129,361
328,-1935
-2620,5126
-5161,2712
-8648,-9952
-8506,-4306
-3471,-1268
-8159,-4501
-8395,6170
-4539,-8197
-6271,-7160
-7226,4957
-9925,-4392
-9494,711
-1211,-3556
-5306,7335
-5865,-2387
-2437,-9212
-4065,-1062
-1356,5956
-1609,-5506
-8962,-6137
-437,8106
-6420,5712
-51,-3038
-5746,1571
-7393,4164
-9394,8874
-8404,7778
-5408,-8399
-5596,5553
-1261,8754
-4949,5786
-7065,7979
-1580,6541
-6571,-6197
-8473,-2314
-3027,-2324
-1716,7560
928,1401
-8318,821
-6556,-4367
-7031,-4352
-7771,3364
-360,1353
-7730,2426
-5988,-3481
-2196,595
-9026,6101
-7750,-9815
-9728,-7965
-7842,1361
-3292,-499
-3224,-3487
-8040,9672
-1174,-6005
-958,8888
441,2887
-1501,-8320
-7201,-7376
-373,-623
-2031,965
-5758,-29
-1908,-401
-1186,5441
-5465,-2431
-8666,-6338
-6211,-2853
-5190,-3034
-4439,-7862
-8628,4144
-4098,5642
31,-1329
-2653,-3797
-8118,7368
-6593,-9615
-183,-7395
686,-5771
-9135,5928
-3312,9033
-3178,-9852
-718,-8327
427,-4412
-5220,8269
-6164,3047
-1210,3403
-7573,-989
-4585,-935
-6426,-6018
-6892,7008
-2167,6236
-7822,5100
-3450,2291
-8928,1904
-9427,-7558
-7917,6342
-447,-6912
-9897,180
-8878,3449
-7537,-7990
-6152,-5710
890,2120
-3270,-666
-462,5629
-3029,9193
-5118,-4182
-9859,3681
-5797,7844
-3267,2613
-9293,1176
-4661,6142
-8693,-7510
-5955,3258
-9037,-2410
-2321,5631
-9764,-841
-5672,7276
-9543,-6875
-9172,8827
891,9657
-3278,3283
-9808,396
-4111,6938
-4097,4766
-5092,-2456
-7973,-4397
-1833,-3242
-4134,-2344
-1492,5142
-4120,-7197
-9457,7388
-4563,-1801
-350,2041
-9569,7398
-3234,-7384
357,7314
-5457,-1919
-6430,1612
-6606,9740
-3054,3070
-5035,-4528
-3675,2532
-6853,-3735
-8652,5108
299,-3177
-8308,6942
-4003,3379
-7722,-8625
-2208,9021
-687,4784
-4334,-2608
-8251,-21
-307,8183
-467,1645
-9974,-1799
-5592,5191
-9610,1904
-4597,1039
-6275,-6248
-2385,4131
-3241,-9310
-2790,-1907
-915,-472
-1355,9730
-9432,2843
-5111,-4699
-5081,-9064
215,2185
-6926,4121
-4669,5171
-5656,-6841
-5748,-3363
-4551,877
-2933,-1577
-3087,-3191
813,-759
-2142,-1701
-9618,1939
-9068,480
-1060,1781
-1308,8696
-5403,4394
-2554,-6365
-5210,-6897
-7536,-9142
-6846,-1566
-843,5498
-1173,7301
315,3499
-961,-8318
-7342,1343
-5310,-2359
-9759,1478
-9780,-8236
438,-6338
863,-6005
-7343,-9736
-2384,675
-5587,-7115
-8601,2594
773,-5872
-4364,9534
-9848,756
-6448,-4381
-9512,-210
-4355,2131
-3076,-1154
-1141,-7033
607,7591
-879,-7276
-4627,6246
-7412,-2391
-8253,8223
-4570,3829
-4112,-8622
-578,8101
355,-7091
-9009,939
-2390,3899
-7840,4442
980,-7878
-8136,5006
-9892,-8022
-6180,3496
-5214,97
-6865,-4521
-5016,476
-3603,-45
-3922,-3216
827,9474
-5414,-7137
-7954,9757
-4585,1638
-5370,3469
-5423,-8398
-2169,1391
-4917,-750
-8723,-489
-2259,2312
-7599,-5936
-3683,6106
-1828,9377
-4680,-5275
-6402,-8820
-2739,7153
772,3504
-9593,8959
-868,-5554
-8002,-8738
-9242,2376
-1576,-8003
-7768,9285
-4384,2076
-7098,-4398
-5101,859
-7323,8802
-92,8148
-8277,4310
-8549,1028
-6916,-9928
-2666,-9212
-7805,-8639
-4836,1686
-7829,-7333
-2998,27
-8839,6656
-4740,-6303
-3191,-831
-8775,5274
-1959,-7837
-3173,8871
